,A73_AY42.count,A73_AY42.mut_all,A73_AY42.mut_oneless,A73_AY42.frac,A73_AY42.cooc,A72_BA1.count,A72_BA1.mut_all,A72_BA1.mut_oneless,A72_BA1.frac,A72_BA1.cooc,A73_BA1.count,A73_BA1.mut_all,A73_BA1.mut_oneless,A73_BA1.frac,A73_BA1.cooc,A75_BA1.count,A75_BA1.mut_all,A75_BA1.mut_oneless,A75_BA1.frac,A75_BA1.cooc,A76_BA1.count,A76_BA1.mut_all,A76_BA1.mut_oneless,A76_BA1.frac,A76_BA1.cooc,A77_BA1.count,A77_BA1.mut_all,A77_BA1.mut_oneless,A77_BA1.frac,A77_BA1.cooc,A80_BA1.count,A80_BA1.mut_all,A80_BA1.mut_oneless,A80_BA1.frac,A80_BA1.cooc,A81_BA1.count,A81_BA1.mut_all,A81_BA1.mut_oneless,A81_BA1.frac,A81_BA1.cooc,A78_BA1_BA2.count,A78_BA1_BA2.mut_all,A78_BA1_BA2.mut_oneless,A78_BA1_BA2.frac,A78_BA1_BA2.cooc,A79_BA1_BA2.count,A79_BA1_BA2.mut_all,A79_BA1_BA2.mut_oneless,A79_BA1_BA2.frac,A79_BA1_BA2.cooc,A94_BA1_BA2.count,A94_BA1_BA2.mut_all,A94_BA1_BA2.mut_oneless,A94_BA1_BA2.frac,A94_BA1_BA2.cooc,A95_BA1_BA2.count,A95_BA1_BA2.mut_all,A95_BA1_BA2.mut_oneless,A95_BA1_BA2.frac,A95_BA1_BA2.cooc,A14_BA2.count,A14_BA2.mut_all,A14_BA2.mut_oneless,A14_BA2.frac,A14_BA2.cooc,A31_BA2.count,A31_BA2.mut_all,A31_BA2.mut_oneless,A31_BA2.frac,A31_BA2.cooc,A33_BA2.count,A33_BA2.mut_all,A33_BA2.mut_oneless,A33_BA2.frac,A33_BA2.cooc,A34_BA2.count,A34_BA2.mut_all,A34_BA2.mut_oneless,A34_BA2.frac,A34_BA2.cooc,A35_BA2.count,A35_BA2.mut_all,A35_BA2.mut_oneless,A35_BA2.frac,A35_BA2.cooc,A43_BA2.count,A43_BA2.mut_all,A43_BA2.mut_oneless,A43_BA2.frac,A43_BA2.cooc,A66_BA2.count,A66_BA2.mut_all,A66_BA2.mut_oneless,A66_BA2.frac,A66_BA2.cooc,A71_BA2.count,A71_BA2.mut_all,A71_BA2.mut_oneless,A71_BA2.frac,A71_BA2.cooc,A72_BA2.count,A72_BA2.mut_all,A72_BA2.mut_oneless,A72_BA2.frac,A72_BA2.cooc,A73_BA2.count,A73_BA2.mut_all,A73_BA2.mut_oneless,A73_BA2.frac,A73_BA2.cooc,A75_BA2.count,A75_BA2.mut_all,A75_BA2.mut_oneless,A75_BA2.frac,A75_BA2.cooc,A76_BA2.count,A76_BA2.mut_all,A76_BA2.mut_oneless,A76_BA2.frac,A76_BA2.cooc,A77_BA2.count,A77_BA2.mut_all,A77_BA2.mut_oneless,A77_BA2.frac,A77_BA2.cooc,A81_BA2.count,A81_BA2.mut_all,A81_BA2.mut_oneless,A81_BA2.frac,A81_BA2.cooc,A87_BA2.count,A87_BA2.mut_all,A87_BA2.mut_oneless,A87_BA2.frac,A87_BA2.cooc,A89_BA2.count,A89_BA2.mut_all,A89_BA2.mut_oneless,A89_BA2.frac,A89_BA2.cooc,A91_BA2.count,A91_BA2.mut_all,A91_BA2.mut_oneless,A91_BA2.frac,A91_BA2.cooc,A77_al.count,A77_al.mut_all,A77_al.mut_oneless,A77_al.frac,A77_al.cooc,A78_al.count,A78_al.mut_all,A78_al.mut_oneless,A78_al.frac,A78_al.cooc,A79_al.count,A79_al.mut_all,A79_al.mut_oneless,A79_al.frac,A79_al.cooc,A93_al.count,A93_al.mut_all,A93_al.mut_oneless,A93_al.frac,A93_al.cooc,A94_al.count,A94_al.mut_all,A94_al.mut_oneless,A94_al.frac,A94_al.cooc,A29_be.count,A29_be.mut_all,A29_be.mut_oneless,A29_be.frac,A29_be.cooc,A72_be.count,A72_be.mut_all,A72_be.mut_oneless,A72_be.frac,A72_be.cooc,A74_be.count,A74_be.mut_all,A74_be.mut_oneless,A74_be.frac,A74_be.cooc,A76_be.count,A76_be.mut_all,A76_be.mut_oneless,A76_be.frac,A76_be.cooc,A72_C36.count,A72_C36.mut_all,A72_C36.mut_oneless,A72_C36.frac,A72_C36.cooc,A78_d614g.count,A78_d614g.mut_all,A78_d614g.mut_oneless,A78_d614g.frac,A78_d614g.cooc,A76_AY42_de.count,A76_AY42_de.mut_all,A76_AY42_de.mut_oneless,A76_AY42_de.frac,A76_AY42_de.cooc,A92_AY42_de.count,A92_AY42_de.mut_all,A92_AY42_de.mut_oneless,A92_AY42_de.frac,A92_AY42_de.cooc,A77_be_ga.count,A77_be_ga.mut_all,A77_be_ga.mut_oneless,A77_be_ga.frac,A77_be_ga.cooc,A71_ga.count,A71_ga.mut_all,A71_ga.mut_oneless,A71_ga.frac,A71_ga.cooc,A72_ga.count,A72_ga.mut_all,A72_ga.mut_oneless,A72_ga.frac,A72_ga.cooc,A73_ga.count,A73_ga.mut_all,A73_ga.mut_oneless,A73_ga.frac,A73_ga.cooc,A76_ga.count,A76_ga.mut_all,A76_ga.mut_oneless,A76_ga.frac,A76_ga.cooc,A96_ga.count,A96_ga.mut_all,A96_ga.mut_oneless,A96_ga.frac,A96_ga.cooc,A97_ga.count,A97_ga.mut_all,A97_ga.mut_oneless,A97_ga.frac,A97_ga.cooc,A76_B16173_ka.count,A76_B16173_ka.mut_all,A76_B16173_ka.mut_oneless,A76_B16173_ka.frac,A76_B16173_ka.cooc,A93_mu.count,A93_mu.mut_all,A93_mu.mut_oneless,A93_mu.frac,A93_mu.cooc,A82_BA1_om1.count,A82_BA1_om1.mut_all,A82_BA1_om1.mut_oneless,A82_BA1_om1.frac,A82_BA1_om1.cooc,A88_BA1_om1.count,A88_BA1_om1.mut_all,A88_BA1_om1.mut_oneless,A88_BA1_om1.frac,A88_BA1_om1.cooc,A76_om1.count,A76_om1.mut_all,A76_om1.mut_oneless,A76_om1.frac,A76_om1.cooc,A77_om1.count,A77_om1.mut_all,A77_om1.mut_oneless,A77_om1.frac,A77_om1.cooc,A81_om1.count,A81_om1.mut_all,A81_om1.mut_oneless,A81_om1.frac,A81_om1.cooc,A31_om2.count,A31_om2.mut_all,A31_om2.mut_oneless,A31_om2.frac,A31_om2.cooc,A34_om2.count,A34_om2.mut_all,A34_om2.mut_oneless,A34_om2.frac,A34_om2.cooc,A75_om2.count,A75_om2.mut_all,A75_om2.mut_oneless,A75_om2.frac,A75_om2.cooc,A76_om2.count,A76_om2.mut_all,A76_om2.mut_oneless,A76_om2.frac,A76_om2.cooc
SRR18680446.fastq.bam,1,0,0,0.0,2,2980,2461,2979,0.8258389261744966,3,27,23,838,0.8518518518518519,2,3248,3134,2195,0.9649014778325123,4,0,0,0,,,335,307,519,0.9164179104477612,9,73,68,462,0.9315068493150684,2,2495,2359,1226,0.9454909819639279,3,869,862,1499,0.9919447640966629,4,0,0,0,,,2562,2556,0,0.9976580796252927,1,4906,4889,4285,0.9965348552792499,2,371,0,0,0.0,2,26,0,0,0.0,3,1143,24,6039,0.02099737532808399,2,520,14,145,0.026923076923076925,3,1958,117,1838,0.05975485188968335,2,110,0,3161,0.0,2,1401,0,1,0.0,2,1748,0,2,0.0,2,2555,311,36,0.12172211350293542,2,27,2,784,0.07407407407407407,2,188,0,0,0.0,6,0,0,0,,,874,871,109,0.9965675057208238,7,3587,3583,3252,0.9988848620016727,2,9341,609,25820,0.06519644577668345,2,220,0,515,0.0,2,2671,141,7660,0.052789217521527515,2,613,1,3228,0.0016313213703099511,2,81,0,2706,0.0,2,0,0,0,,,4837,0,6,0.0,2,852,0,0,0.0,3,2,0,0,0.0,2,1079,0,1,0.0,2,148,0,1,0.0,2,0,0,0,,,977,0,5429,0.0,2,8579,8571,0,0.9990674903834946,1,0,0,0,,,352,0,7,0.0,2,1516,0,3229,0.0,2,1765,0,0,0.0,3,2533,0,0,0.0,3,223,0,2,0.0,2,0,0,0,,,2649,8,3,0.003020007550018875,2,3023,0,4,0.0,2,0,0,0,,,12318,0,18,0.0,2,2727,2614,2191,0.9585625229189586,2,161,161,132,1.0,2,0,0,0,,,1167,1027,4157,0.8800342759211653,2,2495,2361,1225,0.9462925851703406,2,73,0,0,0.0,2,551,16,561,0.029038112522686024,2,365,0,0,0.0,3,0,0,0,,
SRR18680447.fastq.bam,853,1,0,0.0011723329425556857,1,1348,1031,1372,0.7648367952522255,3,19,16,892,0.8421052631578947,2,3063,3039,2232,0.9921645445641528,4,0,0,0,,,206,177,490,0.8592233009708737,9,60,58,396,0.9666666666666667,2,2280,2088,1139,0.9157894736842105,3,511,506,1208,0.9902152641878669,4,0,0,0,,,1566,1562,0,0.9974457215836526,1,2354,2340,2227,0.994052676295667,2,119,0,0,0.0,2,21,0,0,0.0,3,581,0,2970,0.0,2,272,0,1,0.0,3,799,1,799,0.0012515644555694619,2,33,0,2154,0.0,2,613,0,0,0.0,2,989,61,158,0.06167846309403438,2,1050,222,26,0.21142857142857144,2,19,0,805,0.0,2,185,0,0,0.0,6,0,0,0,,,695,687,116,0.9884892086330935,7,3274,3152,3569,0.9627367135003054,2,7569,327,22200,0.04320253666270313,2,337,0,704,0.0,2,1794,94,5897,0.05239687848383501,2,457,0,2825,0.0,2,26,0,2108,0.0,2,0,0,0,,,3229,0,5,0.0,2,372,0,0,0.0,3,2,0,0,0.0,2,378,0,0,0.0,2,49,0,1,0.0,2,0,0,0,,,371,0,2404,0.0,2,6176,6171,0,0.999190414507772,1,0,0,0,,,182,0,7,0.0,2,1245,1,2821,0.0008032128514056225,2,1005,0,0,0.0,3,1034,0,0,0.0,3,202,0,0,0.0,2,0,0,0,,,1161,5,1,0.004306632213608958,2,1302,0,7,0.0,2,0,0,0,,,8637,0,13,0.0,2,1538,1535,1192,0.9980494148244473,2,236,236,203,1.0,2,0,0,0,,,942,830,3628,0.881104033970276,2,2280,2159,1111,0.9469298245614035,2,69,0,0,0.0,2,283,0,1,0.0,2,363,0,2,0.0,3,0,0,0,,
SRR18680448.fastq.bam,1152,1,0,0.0008680555555555555,1,3940,2814,3295,0.7142131979695432,3,49,31,1125,0.6326530612244898,2,3221,3194,2196,0.9916175100900342,4,0,0,0,,,433,369,554,0.8521939953810623,9,116,115,694,0.9913793103448276,2,2498,2113,1167,0.8458767013610888,3,858,855,1374,0.9965034965034965,4,3,0,1,0.0,3,1673,1636,0,0.9778840406455469,1,2649,2542,2501,0.9596073990184976,2,561,20,166,0.035650623885918005,2,80,10,81,0.125,3,749,114,3632,0.15220293724966621,2,719,45,487,0.06258692628650904,3,1370,68,1300,0.049635036496350364,2,226,31,3671,0.13716814159292035,2,2251,126,411,0.05597512216792536,2,924,22,79,0.023809523809523808,2,3663,631,112,0.17226317226317225,2,47,7,1042,0.14893617021276595,2,189,0,6,0.0,6,0,0,0,,,1011,976,119,0.9653808110781404,7,3398,3260,3086,0.9593878752207181,2,6368,359,16552,0.056375628140703515,2,192,0,317,0.0,2,2044,117,5606,0.05724070450097847,2,714,0,3635,0.0,2,81,0,2694,0.0,2,12,0,1,0.0,2,3395,0,7,0.0,2,592,0,0,0.0,3,10,0,0,0.0,2,1583,0,3,0.0,2,414,0,1,0.0,2,0,0,0,,,1459,0,6088,0.0,2,8066,8061,0,0.9993801140590132,1,0,0,0,,,565,14,73,0.024778761061946902,2,1607,0,3632,0.0,2,945,0,0,0.0,3,3626,0,0,0.0,3,405,0,29,0.0,2,0,0,0,,,1973,0,2,0.0,2,1603,0,4,0.0,2,0,0,0,,,8604,0,25,0.0,2,1964,1962,1377,0.9989816700610998,2,247,101,104,0.4089068825910931,2,0,0,0,,,1587,1194,4293,0.7523629489603024,2,2498,2125,1189,0.8506805444355484,2,241,35,183,0.14522821576763487,2,764,50,1568,0.06544502617801047,2,399,0,8,0.0,3,0,0,0,,
SRR18680449.fastq.bam,457,1,0,0.002188183807439825,1,1468,1119,1487,0.7622615803814714,3,18,9,420,0.5,2,1759,1602,1139,0.9107447413303013,4,6,0,0,0.0,6,217,186,366,0.8571428571428571,9,147,125,663,0.8503401360544217,2,1581,1370,733,0.866540164452878,3,442,438,799,0.9909502262443439,4,2,0,0,0.0,3,1299,1215,0,0.9353348729792148,1,2429,2043,2054,0.8410868670234665,2,257,7,90,0.027237354085603113,2,21,1,6,0.047619047619047616,3,499,20,2319,0.04008016032064128,2,286,0,0,0.0,3,1249,72,980,0.057646116893514815,2,122,5,2248,0.040983606557377046,2,1357,53,257,0.039056742815033164,2,692,0,0,0.0,2,1496,0,1,0.0,2,16,1,399,0.0625,2,100,0,0,0.0,6,2,0,0,0.0,7,593,543,93,0.9156829679595279,7,2301,2083,2050,0.9052585832246849,2,4207,384,12440,0.09127644402186831,2,316,0,315,0.0,2,1838,0,4106,0.0,2,431,0,2067,0.0,2,54,1,1438,0.018518518518518517,2,11,0,0,0.0,2,2403,0,4,0.0,2,411,0,0,0.0,3,7,0,0,0.0,2,613,0,0,0.0,2,74,0,0,0.0,2,6,0,0,0.0,2,520,0,2593,0.0,2,4985,4978,0,0.9985957873620862,1,37,37,46,1.0,2,372,39,187,0.10483870967741936,2,1076,0,2065,0.0,2,702,0,0,0.0,3,1477,0,0,0.0,3,139,0,1,0.0,2,6,0,0,0.0,2,2234,0,3,0.0,2,1821,0,2,0.0,2,18,0,77,0.0,2,6087,0,7,0.0,2,1543,1259,1133,0.8159429682436812,2,237,121,98,0.510548523206751,2,87,0,0,0.0,1,777,697,2832,0.8970398970398971,2,1581,1385,754,0.8760278304870335,2,52,3,17,0.057692307692307696,2,299,0,1,0.0,2,226,0,0,0.0,3,6,0,0,0.0,4
SRR18680450.fastq.bam,4,0,3,0.0,2,3392,3194,4269,0.941627358490566,3,82,47,1692,0.573170731707317,2,3282,3065,2285,0.9338817794028031,4,3,0,0,0.0,6,407,359,649,0.8820638820638821,9,126,102,682,0.8095238095238095,2,2096,2090,907,0.9971374045801527,3,1010,983,2114,0.9732673267326732,4,3,0,1,0.0,3,2466,2315,0,0.9387672343876723,1,4597,4246,4071,0.9236458559930389,2,560,0,1,0.0,2,36,0,0,0.0,3,1184,0,5924,0.0,2,613,0,1,0.0,3,1666,2,1508,0.0012004801920768306,2,179,0,3372,0.0,2,2331,0,0,0.0,2,2441,0,1,0.0,2,3317,0,0,0.0,2,57,0,1570,0.0,2,194,0,0,0.0,6,1,0,0,0.0,9,1093,979,194,0.8956999085086916,7,3001,2993,2787,0.9973342219260246,2,6164,0,18578,0.0,2,741,1,813,0.001349527665317139,2,3117,0,7337,0.0,2,884,0,4151,0.0,2,99,0,3658,0.0,2,19,0,1,0.0,2,4818,0,5,0.0,2,750,0,0,0.0,3,7,0,0,0.0,2,1294,0,1,0.0,2,470,0,0,0.0,2,4,0,0,0.0,2,1298,0,7450,0.0,2,12466,12457,0,0.9992780362586234,1,9,9,12,1.0,2,926,17,121,0.0183585313174946,2,2049,1,4146,0.0004880429477794046,2,2506,0,0,0.0,3,3265,0,0,0.0,3,595,0,9,0.0,2,3,0,0,0.0,2,3313,0,4,0.0,2,3561,1,11,0.0002808199943836001,2,4,0,17,0.0,2,12128,0,17,0.0,2,2796,2473,2149,0.8844778254649499,2,589,181,288,0.3073005093378608,2,1,0,0,0.0,2,1500,1368,5782,0.912,2,2096,2090,907,0.9971374045801527,2,116,0,0,0.0,2,656,0,2,0.0,2,398,0,0,0.0,3,2,0,0,0.0,4
SRR18680451.fastq.bam,405,0,0,0.0,1,1841,1750,2221,0.9505703422053232,3,11,10,457,0.9090909090909091,2,2290,2125,1563,0.9279475982532751,4,0,0,0,,,197,166,301,0.8426395939086294,9,218,190,1185,0.8715596330275229,2,1321,1162,571,0.8796366389099167,3,663,619,1410,0.9336349924585219,4,2,0,4,0.0,3,1443,1352,0,0.9369369369369369,1,2480,2385,2340,0.9616935483870968,2,237,0,0,0.0,2,23,0,0,0.0,3,506,0,2527,0.0,2,504,0,1,0.0,3,1863,2,1733,0.0010735373054213634,2,83,3,2438,0.03614457831325301,2,659,0,0,0.0,2,936,0,1,0.0,2,1784,0,0,0.0,2,10,0,396,0.0,2,130,0,1,0.0,6,0,0,0,,,517,459,65,0.8878143133462283,7,1926,1708,1797,0.8868120456905504,2,4638,0,13042,0.0,2,282,0,345,0.0,2,2395,0,6378,0.0,2,352,1,1839,0.002840909090909091,2,59,0,2388,0.0,2,14,0,5,0.0,2,2493,0,4,0.0,2,411,0,0,0.0,3,21,0,0,0.0,2,725,0,0,0.0,2,76,0,0,0.0,2,0,0,0,,,619,0,3956,0.0,2,8697,8498,0,0.9771185466252731,1,0,0,0,,,601,40,186,0.06655574043261231,2,954,0,1838,0.0,2,961,0,0,0.0,3,1759,0,0,0.0,3,134,0,2,0.0,2,0,0,0,,,2150,1,6,0.00046511627906976747,2,1936,0,2,0.0,2,0,0,0,,,6831,0,11,0.0,2,1867,1676,1434,0.8976968398500268,2,183,95,107,0.5191256830601093,2,0,0,0,,,716,623,2553,0.8701117318435754,2,1321,1180,598,0.8932626797880394,2,55,0,0,0.0,2,522,0,1,0.0,2,265,0,1,0.0,3,0,0,0,,
SRR18680452.fastq.bam,1,0,1,0.0,2,1258,0,0,0.0,3,9,0,0,0.0,2,749,0,0,0.0,4,1,0,0,0.0,8,104,0,0,0.0,9,85,0,1,0.0,2,1065,0,0,0.0,3,225,0,0,0.0,4,11,0,0,0.0,3,943,0,0,0.0,1,1277,0,0,0.0,2,43,0,0,0.0,2,5,0,0,0.0,3,401,0,382,0.0,2,431,0,0,0.0,3,646,0,2,0.0,2,65,0,0,0.0,2,670,0,1,0.0,2,607,0,1,0.0,2,894,0,1,0.0,2,9,0,0,0.0,2,49,0,0,0.0,6,1,0,0,0.0,10,230,0,0,0.0,7,1443,0,7,0.0,2,2830,0,2,0.0,2,2382,0,1,0.0,2,435,0,0,0.0,2,251,0,2,0.0,2,16,0,2,0.0,2,59,0,0,0.0,2,1317,0,1,0.0,2,286,0,0,0.0,3,3,0,0,0.0,2,356,0,2,0.0,2,7,0,0,0.0,2,26,0,0,0.0,2,372,0,0,0.0,2,3992,3985,0,0.9982464929859719,1,69,69,114,1.0,2,149,149,345,1.0,2,435,0,0,0.0,2,619,0,0,0.0,3,887,0,0,0.0,3,34,0,0,0.0,2,26,0,0,0.0,2,2524,0,5,0.0,2,585,0,2,0.0,2,46,0,176,0.0,2,3179,0,4,0.0,2,307,0,0,0.0,2,2935,0,3,0.0,2,14,0,0,0.0,2,424,0,1,0.0,2,1065,0,1,0.0,2,34,0,0,0.0,2,450,0,2,0.0,2,84,0,0,0.0,3,23,0,0,0.0,4
SRR18680453.fastq.bam,1,0,0,0.0,2,3172,2952,3298,0.9306431273644389,3,68,48,2071,0.7058823529411765,2,3982,3896,2446,0.9784028126569563,4,1,0,0,0.0,7,534,472,704,0.8838951310861424,9,174,152,844,0.8735632183908046,2,2882,2675,1416,0.9281748785565579,3,1132,1107,1862,0.9779151943462897,4,0,0,0,,,2311,2308,0,0.9987018606663782,1,3863,3788,3585,0.9805850375355941,2,188,0,0,0.0,2,44,1,10,0.022727272727272728,3,1053,0,4793,0.0,2,597,0,0,0.0,3,1772,0,1773,0.0,2,197,4,3905,0.02030456852791878,2,1772,75,176,0.04232505643340858,2,1117,0,3,0.0,2,2812,118,20,0.041963015647226175,2,58,4,1923,0.06896551724137931,2,231,1,4,0.004329004329004329,6,1,0,0,0.0,9,1265,1194,148,0.9438735177865613,7,4094,4085,3423,0.9978016609672692,2,7507,96,19471,0.012788064473158386,2,51,0,124,0.0,2,2413,29,6417,0.012018234562784915,2,965,0,4323,0.0,2,100,0,3434,0.0,2,0,0,0,,,3958,0,8,0.0,2,839,0,0,0.0,3,14,0,0,0.0,2,1335,0,1,0.0,2,324,0,2,0.0,2,3,0,0,0.0,2,1205,0,6233,0.0,2,10853,10841,0,0.9988943149359624,1,16,16,19,1.0,2,976,16,91,0.01639344262295082,2,2217,0,4312,0.0,2,1141,0,0,0.0,3,2780,0,0,0.0,3,651,0,8,0.0,2,3,0,0,0.0,2,2467,0,6,0.0,2,2979,0,3,0.0,2,5,0,33,0.0,2,10613,0,14,0.0,2,2536,2304,2009,0.9085173501577287,2,136,39,32,0.2867647058823529,2,1,0,0,0.0,2,1744,1532,5609,0.8784403669724771,2,2882,2676,1415,0.9285218598195697,2,164,4,27,0.024390243902439025,2,627,0,1,0.0,2,450,1,8,0.0022222222222222222,3,2,0,0,0.0,4
SRR18680454.fastq.bam,1,0,0,0.0,2,1750,1742,2175,0.9954285714285714,3,28,13,1039,0.4642857142857143,2,2273,2263,1255,0.9956005279366476,4,1,0,0,0.0,8,438,432,743,0.9863013698630136,9,371,321,2005,0.8652291105121294,2,2192,1967,916,0.8973540145985401,3,1370,1288,2523,0.9401459854014599,4,15,0,0,0.0,3,3151,3061,0,0.9714376388448112,1,3899,3527,3381,0.90459092074891,2,822,0,1,0.0,2,36,0,0,0.0,3,948,0,5030,0.0,2,1103,0,2,0.0,3,925,0,926,0.0,2,115,0,2502,0.0,2,2939,0,1,0.0,2,669,0,0,0.0,2,1534,0,1,0.0,2,16,0,966,0.0,2,127,0,0,0.0,6,1,0,0,0.0,10,1171,1169,133,0.9982920580700256,7,3185,2861,2594,0.8982731554160126,2,8858,1,22979,0.00011289230074508918,2,199,0,464,0.0,2,1517,0,4151,0.0,2,714,0,4150,0.0,2,78,0,4469,0.0,2,101,0,0,0.0,2,3403,0,4,0.0,2,978,0,0,0.0,3,2,0,0,0.0,2,701,0,2,0.0,2,367,0,0,0.0,2,19,0,1,0.0,2,655,0,3909,0.0,2,15146,15130,0,0.9989436154760333,1,100,99,123,0.99,2,1173,0,7,0.0,2,2010,0,4149,0.0,2,683,0,0,0.0,3,1518,0,0,0.0,3,326,0,2,0.0,2,19,0,1,0.0,2,6974,0,2,0.0,2,2552,45,4,0.01763322884012539,2,48,0,214,0.0,2,9479,0,11,0.0,2,3291,2728,2345,0.8289273776967487,2,137,137,149,1.0,2,13,0,0,0.0,2,1400,1392,5671,0.9942857142857143,2,2192,1986,960,0.906021897810219,2,117,0,0,0.0,2,1164,0,6,0.0,2,231,0,0,0.0,3,24,0,0,0.0,4
SRR18680455.fastq.bam,3,0,3,0.0,2,3228,3010,3652,0.9324659231722429,3,69,48,2039,0.6956521739130435,2,2922,2834,2106,0.9698836413415469,4,2,0,0,0.0,7,430,411,793,0.9558139534883721,9,1030,905,5946,0.8786407766990292,2,2466,2201,1231,0.8925385239253852,3,910,790,1748,0.8681318681318682,4,17,0,2,0.0,3,1523,1479,0,0.9711096520026264,1,2196,2023,1906,0.9212204007285975,2,847,1,51,0.0011806375442739079,2,73,1,6,0.0136986301369863,3,855,25,4612,0.029239766081871343,2,755,11,174,0.01456953642384106,3,2547,59,2359,0.023164507263447192,2,88,1,2500,0.011363636363636364,2,2670,7,53,0.0026217228464419477,2,1465,0,3,0.0,2,3155,14,4,0.0044374009508716325,2,54,1,1891,0.018518518518518517,2,165,0,0,0.0,6,2,0,0,0.0,9,1236,1192,167,0.9644012944983819,7,3669,3397,3311,0.9258653584082857,2,4501,72,13011,0.015996445234392358,2,428,0,58,0.0,2,2443,7,6742,0.0028653295128939827,2,746,0,4304,0.0,2,61,0,3097,0.0,2,70,0,2,0.0,2,2659,0,6,0.0,2,457,0,0,0.0,3,6,0,0,0.0,2,1295,0,2,0.0,2,551,0,1,0.0,2,9,0,0,0.0,2,1263,0,6654,0.0,2,11270,11167,0,0.9908606921029282,1,36,36,39,1.0,2,1585,56,332,0.03533123028391167,2,2196,0,4302,0.0,2,1492,0,0,0.0,3,3118,0,0,0.0,3,653,0,23,0.0,2,9,0,0,0.0,2,3038,9,5,0.0029624753127057276,2,1922,24,3,0.012486992715920915,2,14,0,73,0.0,2,6907,0,13,0.0,2,2140,1861,1611,0.8696261682242991,2,214,14,22,0.06542056074766354,2,6,0,0,0.0,2,1466,1429,5925,0.9747612551159618,2,2466,2225,1272,0.9022708840227088,2,241,3,17,0.012448132780082987,2,784,12,563,0.015306122448979591,2,373,0,0,0.0,3,8,0,0,0.0,4
SRR18680456.fastq.bam,2,0,1,0.0,2,3233,3096,3423,0.957624497370863,3,94,73,2174,0.776595744680851,2,3785,3755,1937,0.9920739762219286,4,1,0,0,0.0,6,592,568,955,0.9594594594594594,9,1306,1192,6053,0.9127105666156202,2,2475,2300,998,0.9292929292929293,3,550,454,781,0.8254545454545454,4,6,0,2,0.0,3,1650,1609,0,0.9751515151515151,1,2233,2082,2016,0.9323779668607255,2,770,0,27,0.0,2,110,0,0,0.0,3,1234,0,4857,0.0,2,923,0,1,0.0,3,2919,0,2772,0.0,2,180,0,2478,0.0,2,2512,0,1,0.0,2,1565,0,1,0.0,2,2840,0,0,0.0,2,77,0,2022,0.0,2,228,0,0,0.0,6,2,0,0,0.0,6,1540,1504,198,0.9766233766233766,7,3505,3268,3110,0.9323823109843081,2,5368,0,13129,0.0,2,672,0,649,0.0,2,3581,0,7549,0.0,2,877,1,4733,0.0011402508551881414,2,51,0,1430,0.0,2,22,0,2,0.0,2,3189,0,5,0.0,2,605,0,0,0.0,3,13,0,0,0.0,2,1366,0,1,0.0,2,462,0,0,0.0,2,2,0,0,0.0,2,1066,0,6493,0.0,2,6001,5926,0,0.9875020829861689,1,3,3,2,1.0,2,1734,106,297,0.06113033448673587,2,2531,0,4733,0.0,2,1582,0,0,0.0,3,2788,0,0,0.0,3,830,0,7,0.0,2,2,0,0,0.0,2,3094,0,5,0.0,2,1742,0,5,0.0,2,2,0,4,0.0,2,7872,0,11,0.0,2,2035,1946,1498,0.9562653562653562,2,411,121,171,0.2944038929440389,2,3,0,0,0.0,1,1828,1798,6562,0.9835886214442013,2,2475,2321,1059,0.9377777777777778,2,261,0,6,0.0,2,965,0,1,0.0,2,430,0,1,0.0,3,1,0,0,0.0,4
SRR18680457.fastq.bam,3,0,0,0.0,2,3716,3702,5029,0.996232508073197,3,70,66,2272,0.9428571428571428,2,4267,4114,3286,0.9641434262948207,4,1,0,0,0.0,7,773,738,966,0.9547218628719275,9,1167,1157,5761,0.9914310197086547,2,3436,3319,1137,0.9659487776484285,3,904,900,1345,0.995575221238938,4,1,0,0,0.0,3,1866,1857,0,0.9951768488745981,1,2735,2716,2650,0.9930530164533821,2,906,0,1,0.0,2,114,0,0,0.0,3,1413,0,5595,0.0,2,1399,0,1,0.0,3,3884,2,3880,0.0005149330587023687,2,218,0,3825,0.0,2,3171,0,0,0.0,2,2606,0,0,0.0,2,3543,0,1,0.0,2,68,0,2034,0.0,2,235,0,2,0.0,6,1,0,0,0.0,9,1742,1683,199,0.9661308840413318,7,4556,4435,4016,0.973441615452151,2,6190,1,16088,0.00016155088852988692,2,118,0,119,0.0,2,3502,0,8637,0.0,2,1298,0,5877,0.0,2,73,0,2546,0.0,2,5,0,0,0.0,2,3909,0,35,0.0,2,679,0,0,0.0,3,4,0,0,0.0,2,1784,0,3,0.0,2,573,0,1,0.0,2,3,0,0,0.0,2,1460,1,8699,0.0006849315068493151,2,9153,9144,0,0.9990167158308751,1,13,13,20,1.0,2,1360,23,105,0.016911764705882352,2,3019,0,5874,0.0,2,2643,0,0,0.0,3,3491,0,0,0.0,3,736,0,7,0.0,2,3,0,0,0.0,2,3572,0,5,0.0,2,2559,0,3,0.0,2,7,0,32,0.0,2,8666,0,11,0.0,2,2541,2488,1484,0.9791420700511609,2,102,46,47,0.45098039215686275,2,1,0,0,0.0,2,2418,2328,7781,0.9627791563275434,2,3436,3329,1154,0.9688591385331781,2,266,0,1,0.0,2,1471,0,4,0.0,2,580,0,5,0.0,3,2,0,0,0.0,4
SRR18680458.fastq.bam,1409,1,0,0.0007097232079489,1,3451,2869,3917,0.8313532309475514,3,54,34,1360,0.6296296296296297,2,3646,3390,2479,0.929786066922655,4,8,0,0,0.0,6,487,455,875,0.9342915811088296,9,958,811,5510,0.8465553235908142,2,2903,2593,1155,0.8932139166379607,3,839,778,1660,0.9272943980929678,4,2,0,1,0.0,3,1990,1817,0,0.9130653266331659,1,2910,2593,2484,0.89106529209622,2,909,0,0,0.0,2,43,0,0,0.0,3,814,0,4407,0.0,2,649,0,1,0.0,3,1944,0,1804,0.0,2,59,0,2833,0.0,2,2185,0,1,0.0,2,1386,0,0,0.0,2,3434,0,0,0.0,2,38,0,1280,0.0,2,219,0,1,0.0,6,4,0,0,0.0,7,1374,1315,186,0.9570596797671034,7,4119,3702,3455,0.898761835396941,2,5797,0,15530,0.0,2,1073,0,592,0.0,2,2299,0,6626,0.0,2,791,1,4617,0.0012642225031605564,2,50,1,3000,0.02,2,17,0,1,0.0,2,3224,0,5,0.0,2,557,0,0,0.0,3,1,0,0,0.0,2,1369,0,4,0.0,2,359,0,2,0.0,2,8,0,0,0.0,2,1215,0,6767,0.0,2,10647,10635,0,0.998872921949845,1,20,20,31,1.0,2,1856,213,745,0.11476293103448276,2,2401,0,4615,0.0,2,1409,0,0,0.0,3,3401,0,0,0.0,3,415,0,6,0.0,2,8,0,0,0.0,2,5054,0,10,0.0,2,2070,0,4,0.0,2,11,0,50,0.0,2,7999,0,13,0.0,2,2172,1987,1560,0.9148250460405156,2,643,133,206,0.20684292379471228,2,1,0,0,0.0,2,1627,1556,6615,0.956361401352182,2,2903,2627,1213,0.9049259386841199,2,143,0,0,0.0,2,689,0,2,0.0,2,449,0,3,0.0,3,4,0,0,0.0,4
SRR18680459.fastq.bam,2,0,1,0.0,2,3593,3469,3953,0.9654884497634288,3,40,36,1077,0.9,2,2990,2815,1779,0.9414715719063546,4,1,0,0,0.0,8,470,440,584,0.9361702127659575,9,1083,999,5039,0.9224376731301939,2,1965,1873,727,0.9531806615776082,3,1872,1826,2442,0.9754273504273504,4,1,1,0,1.0,3,1889,1857,0,0.9830598200105876,1,2733,2679,2488,0.9802414928649835,2,566,0,1,0.0,2,106,0,0,0.0,3,1273,0,5012,0.0,2,1276,2,56,0.001567398119122257,3,2572,1,2461,0.00038880248833592535,2,298,0,3408,0.0,2,2789,0,52,0.0,2,1329,0,0,0.0,2,3664,0,50,0.0,2,36,0,990,0.0,2,173,0,0,0.0,6,1,0,0,0.0,10,1049,1012,129,0.9647283126787417,7,2674,2590,2120,0.9685863874345549,2,6179,0,14757,0.0,2,143,0,263,0.0,2,2385,9,5205,0.0037735849056603774,2,918,0,3775,0.0,2,177,1,4857,0.005649717514124294,2,1,0,1,0.0,2,3439,0,6,0.0,2,669,0,0,0.0,3,25,0,0,0.0,2,1824,0,3,0.0,2,234,0,0,0.0,2,4,0,0,0.0,2,1621,27,7393,0.016656384947563233,2,15231,15224,0,0.9995404110038737,1,15,14,14,0.9333333333333333,2,1262,59,166,0.04675118858954041,2,1825,0,3775,0.0,2,1354,0,0,0.0,3,3627,0,0,0.0,3,386,0,4,0.0,2,4,0,0,0.0,2,3601,0,4,0.0,2,2215,5,2,0.002257336343115124,2,8,0,27,0.0,2,7831,0,4,0.0,2,2392,2238,1580,0.93561872909699,2,256,64,72,0.25,2,4,0,0,0.0,2,1543,1472,4907,0.9539857420609202,2,1965,1878,746,0.9557251908396946,2,241,0,0,0.0,2,1361,3,179,0.002204261572373255,2,365,0,1,0.0,3,5,0,0,0.0,4
SRR18680460.fastq.bam,817,0,0,0.0,1,2022,1538,1775,0.7606330365974283,3,50,24,730,0.48,2,1734,1262,1075,0.7277970011534025,4,2,0,0,0.0,7,176,120,220,0.6818181818181818,9,720,487,3252,0.6763888888888889,2,1497,1041,691,0.6953907815631263,3,789,673,1394,0.85297845373891,4,10,0,0,0.0,3,1326,1126,0,0.8491704374057315,1,1649,1313,1497,0.7962401455427531,2,320,0,0,0.0,2,33,0,0,0.0,3,562,0,2504,0.0,2,506,0,0,0.0,3,1198,0,975,0.0,2,91,0,1341,0.0,2,1409,0,0,0.0,2,836,0,1,0.0,2,2121,0,1,0.0,2,29,0,681,0.0,2,76,0,1,0.0,6,2,0,0,0.0,9,456,335,71,0.7346491228070176,7,2293,1652,1796,0.7204535542956825,2,3696,0,8474,0.0,2,740,0,181,0.0,2,1617,0,3566,0.0,2,402,0,1553,0.0,2,68,0,2554,0.0,2,40,0,0,0.0,2,2253,0,1,0.0,2,387,0,0,0.0,3,2,0,0,0.0,2,825,0,2,0.0,2,83,0,0,0.0,2,16,0,0,0.0,2,743,0,3302,0.0,2,9250,9118,0,0.9857297297297297,1,68,68,72,1.0,2,650,91,344,0.14,2,941,0,1552,0.0,2,857,0,0,0.0,3,2089,0,0,0.0,3,280,0,1,0.0,2,16,0,0,0.0,2,3823,0,6,0.0,2,1064,0,3,0.0,2,36,0,137,0.0,2,6100,0,6,0.0,2,1772,1235,1325,0.6969525959367946,2,467,46,89,0.09850107066381156,2,6,0,1,0.0,2,643,443,2335,0.6889580093312597,2,1497,1089,779,0.7274549098196392,2,105,0,0,0.0,2,541,0,1,0.0,2,179,0,1,0.0,3,11,0,0,0.0,4
SRR18680461.fastq.bam,3,0,0,0.0,2,1734,370,561,0.21337946943483277,3,81,0,70,0.0,2,2555,46,67,0.018003913894324854,4,1,0,0,0.0,8,209,0,0,0.0,9,317,16,351,0.050473186119873815,2,1679,0,1,0.0,3,533,44,108,0.0825515947467167,4,32,0,0,0.0,3,1881,208,0,0.11057947900053164,1,2117,124,182,0.05857345299952763,2,537,0,0,0.0,2,27,0,0,0.0,3,487,0,3025,0.0,2,267,0,0,0.0,3,846,0,4,0.0,2,23,0,1,0.0,2,806,0,1,0.0,2,933,0,1,0.0,2,1415,0,1,0.0,2,44,0,64,0.0,2,123,0,0,0.0,6,1,0,0,0.0,10,724,0,0,0.0,7,2427,1,27,0.00041203131437989287,2,4311,0,5,0.0,2,6197,0,520,0.0,2,3745,0,750,0.0,2,433,0,6,0.0,2,35,0,224,0.0,2,292,0,0,0.0,2,3841,0,4,0.0,2,429,0,0,0.0,3,2,0,0,0.0,2,425,0,0,0.0,2,292,0,1,0.0,2,158,0,1,0.0,2,431,0,927,0.0,2,10179,10170,0,0.9991158267020336,1,798,795,1499,0.9962406015037594,2,936,765,2082,0.8173076923076923,2,1389,0,5,0.0,2,948,0,0,0.0,3,1402,0,0,0.0,3,314,0,6,0.0,2,156,0,0,0.0,2,4593,0,15,0.0,2,1802,0,7,0.0,2,456,0,2140,0.0,2,10466,1,31,9.554748710108924e-05,2,1760,114,202,0.06477272727272727,2,6072,154,346,0.025362318840579712,2,89,0,0,0.0,2,883,0,5,0.0,2,1679,0,13,0.0,2,107,0,0,0.0,2,285,0,4,0.0,2,252,0,0,0.0,3,210,0,0,0.0,4
SRR18680462.fastq.bam,1,0,0,0.0,2,3896,0,0,0.0,3,108,0,0,0.0,2,3006,0,0,0.0,4,6,0,0,0.0,8,430,0,0,0.0,9,748,0,5,0.0,2,2024,0,0,0.0,3,791,0,0,0.0,4,158,0,0,0.0,3,1829,0,0,0.0,1,1866,0,0,0.0,2,980,0,1,0.0,2,145,0,0,0.0,3,1552,0,5728,0.0,2,925,0,0,0.0,3,1971,0,4,0.0,2,218,0,1,0.0,2,2582,0,3,0.0,2,1255,0,0,0.0,2,3024,0,2,0.0,2,61,0,1,0.0,2,211,0,0,0.0,6,6,0,0,0.0,10,990,0,0,0.0,7,2740,0,12,0.0,2,5125,0,0,0.0,2,6004,0,1,0.0,2,2970,0,0,0.0,2,876,0,6,0.0,2,72,0,2,0.0,2,597,0,0,0.0,2,3206,0,6,0.0,2,697,0,0,0.0,3,10,0,0,0.0,2,1347,0,1,0.0,2,188,0,0,0.0,2,266,0,0,0.0,2,1304,0,0,0.0,2,10994,10989,0,0.9995452064762598,1,894,889,1318,0.9944071588366891,2,1008,1008,2339,1.0,2,1764,0,6,0.0,2,1270,0,0,0.0,3,3007,0,0,0.0,3,396,0,2,0.0,2,265,0,0,0.0,2,4237,0,14,0.0,2,1734,0,0,0.0,2,531,0,2093,0.0,2,7497,0,8,0.0,2,1936,0,4,0.0,2,5085,0,4,0.0,2,118,0,1,0.0,2,1451,0,4,0.0,2,2024,0,3,0.0,2,328,0,1,0.0,2,974,0,0,0.0,2,400,0,0,0.0,3,225,0,0,0.0,4
SRR18680463.fastq.bam,82,0,0,0.0,1,1260,0,0,0.0,3,2,0,0,0.0,2,637,0,0,0.0,4,3,0,0,0.0,7,58,0,0,0.0,9,506,0,2,0.0,2,639,0,0,0.0,3,226,0,0,0.0,4,12,0,0,0.0,3,811,0,0,0.0,1,1044,0,0,0.0,2,128,0,0,0.0,2,18,0,0,0.0,3,294,0,1100,0.0,2,381,0,0,0.0,3,445,0,0,0.0,2,32,0,0,0.0,2,410,0,0,0.0,2,207,0,1,0.0,2,841,0,1,0.0,2,1,0,0,0.0,2,56,0,0,0.0,6,4,0,0,0.0,9,108,0,0,0.0,7,861,0,1,0.0,2,2392,0,1,0.0,2,3152,0,2,0.0,2,1020,0,0,0.0,2,149,0,1,0.0,2,30,0,0,0.0,2,61,0,0,0.0,2,1375,0,2,0.0,2,295,0,0,0.0,3,3,0,0,0.0,2,377,0,0,0.0,2,13,0,0,0.0,2,39,0,0,0.0,2,370,0,0,0.0,2,3744,3742,0,0.999465811965812,1,147,147,231,1.0,2,333,333,680,1.0,2,204,0,1,0.0,2,214,0,0,0.0,3,838,0,0,0.0,3,25,0,0,0.0,2,39,0,0,0.0,2,2041,0,1,0.0,2,658,0,1,0.0,2,90,0,363,0.0,2,3836,0,5,0.0,2,1608,0,2,0.0,2,3510,0,3,0.0,2,18,0,0,0.0,2,219,0,4,0.0,2,639,0,0,0.0,2,32,0,0,0.0,2,391,0,1,0.0,2,87,0,0,0.0,3,41,0,0,0.0,4
SRR18680464.fastq.bam,2384,1,0,0.00041946308724832214,1,3949,3605,4625,0.912889339073183,3,95,71,2383,0.7473684210526316,2,3864,3679,2291,0.9521221532091098,4,2,0,0,0.0,8,621,525,869,0.8454106280193237,9,804,595,3542,0.7400497512437811,2,2234,1706,922,0.7636526410026858,3,1174,1119,1897,0.9531516183986372,4,32,0,1,0.0,3,2064,1988,0,0.9631782945736435,1,2569,2514,2431,0.9785908913974309,2,663,0,0,0.0,2,60,0,0,0.0,3,948,0,4074,0.0,2,962,0,0,0.0,3,1425,0,1302,0.0,2,190,8,2859,0.042105263157894736,2,2738,0,1,0.0,2,1575,0,0,0.0,2,4120,0,0,0.0,2,80,0,2243,0.0,2,210,0,0,0.0,6,2,0,0,0.0,10,1544,1407,192,0.9112694300518135,7,3192,2571,2654,0.8054511278195489,2,6059,0,15844,0.0,2,760,0,812,0.0,2,3328,0,7662,0.0,2,1127,1,5177,0.0008873114463176575,2,116,0,3516,0.0,2,108,0,1,0.0,2,3065,0,5,0.0,2,661,0,0,0.0,3,3,0,0,0.0,2,1935,0,1,0.0,2,493,0,2,0.0,2,16,0,0,0.0,2,1709,0,8200,0.0,2,12762,12750,0,0.999059708509638,1,83,46,96,0.5542168674698795,2,844,80,255,0.0947867298578199,2,2775,0,5174,0.0,2,1599,0,0,0.0,3,4066,0,0,0.0,3,858,0,4,0.0,2,16,0,0,0.0,2,3639,0,3,0.0,2,1816,0,5,0.0,2,32,0,137,0.0,2,7830,0,12,0.0,2,2018,1498,1588,0.7423191278493558,2,377,220,216,0.583554376657825,2,10,0,0,0.0,2,1968,1705,7179,0.8663617886178862,2,2234,1753,1004,0.7846911369740376,2,166,0,0,0.0,2,1027,0,1,0.0,2,409,0,1,0.0,3,17,0,0,0.0,4
SRR18680465.fastq.bam,1,0,4,0.0,2,4673,4528,5957,0.9689706826449818,3,92,81,2296,0.8804347826086957,2,5712,5660,3698,0.9908963585434174,4,1,0,0,0.0,8,863,826,1261,0.9571263035921205,9,1310,1187,7146,0.9061068702290076,2,3332,3210,1459,0.9633853541416567,3,1523,1475,2781,0.9684832567301379,4,2,0,0,0.0,3,2763,2587,0,0.9363011219688744,1,3623,3521,3256,0.971846536019873,2,1182,0,0,0.0,2,151,0,0,0.0,3,1638,0,8406,0.0,2,1099,0,3,0.0,3,2694,1,2283,0.0003711952487008166,2,200,0,4093,0.0,2,3445,0,0,0.0,2,1986,0,0,0.0,2,4654,0,1,0.0,2,81,0,2136,0.0,2,318,0,3,0.0,6,1,0,0,0.0,10,2135,2065,246,0.9672131147540983,7,4675,4659,4466,0.9965775401069519,2,8392,0,21904,0.0,2,365,0,200,0.0,2,3898,36,8939,0.009235505387378143,2,1458,1,7185,0.0006858710562414266,2,140,0,4881,0.0,2,7,0,0,0.0,2,4267,0,8,0.0,2,1009,0,0,0.0,3,5,0,0,0.0,2,2136,0,3,0.0,2,490,0,0,0.0,2,19,0,0,0.0,2,2031,0,10454,0.0,2,17654,17635,0,0.9989237566557154,1,61,61,36,1.0,2,2051,103,386,0.05021940516821063,2,3764,0,7182,0.0,2,2022,0,0,0.0,3,4597,0,0,0.0,3,796,0,54,0.0,2,19,0,0,0.0,2,5138,0,9,0.0,2,1963,0,3,0.0,2,27,0,92,0.0,2,10542,0,15,0.0,2,3447,2946,2814,0.8546562228024369,2,454,73,69,0.16079295154185022,2,6,0,0,0.0,2,2785,2697,9714,0.9684021543985637,2,3332,3211,1458,0.9636854741896759,2,410,0,4,0.0,2,1168,0,5,0.0,2,695,0,4,0.0,3,8,0,0,0.0,4
SRR18680466.fastq.bam,1,0,1,0.0,2,2460,2448,2680,0.9951219512195122,3,41,41,1410,1.0,2,3171,3147,2141,0.9924314096499527,4,10,0,0,0.0,6,464,427,675,0.9202586206896551,9,818,701,3847,0.8569682151589242,2,1479,1474,583,0.9966193373901284,3,1352,1349,2393,0.9977810650887574,4,1,1,1,1.0,2,2431,2309,0,0.9498148909913616,1,3871,3510,3446,0.9067424438129682,2,525,0,1,0.0,2,64,0,0,0.0,3,593,0,3030,0.0,2,1292,0,3,0.0,3,1050,3,1045,0.002857142857142857,2,127,0,2601,0.0,2,1787,0,0,0.0,2,1602,0,1,0.0,2,2001,0,0,0.0,2,41,0,1305,0.0,2,196,0,0,0.0,6,1,0,0,0.0,8,1163,1089,118,0.9363714531384351,7,2059,2054,2055,0.9975716367168529,2,8049,0,20063,0.0,2,736,0,553,0.0,2,2622,0,6084,0.0,2,765,0,3517,0.0,2,122,0,4269,0.0,2,1,0,1,0.0,2,4831,0,2,0.0,2,829,0,0,0.0,3,34,0,0,0.0,1,970,0,0,0.0,2,142,0,0,0.0,2,15,0,0,0.0,2,799,1,5105,0.0012515644555694619,2,12568,12564,0,0.9996817313812858,1,43,43,43,1.0,2,1456,40,226,0.027472527472527472,2,1997,0,3516,0.0,2,1620,0,0,0.0,3,1973,0,0,0.0,3,445,0,3,0.0,2,15,0,0,0.0,2,5330,0,9,0.0,2,2808,0,5,0.0,2,24,0,77,0.0,2,12312,0,11,0.0,2,2866,2747,1939,0.9584787159804605,2,514,138,145,0.26848249027237353,2,4,0,1,0.0,2,1388,1273,4903,0.9171469740634006,2,1479,1474,583,0.9966193373901284,2,200,0,0,0.0,2,1365,0,5,0.0,2,412,0,1,0.0,3,9,0,0,0.0,4
SRR18680467.fastq.bam,1851,2,0,0.0010804970286331713,1,3923,3320,3728,0.8462911037471323,3,91,45,1773,0.4945054945054945,2,2953,2539,2041,0.8598035895699289,4,2,0,0,0.0,8,450,397,558,0.8822222222222222,9,1270,1200,5605,0.9448818897637795,2,2718,2501,1277,0.9201618837380426,3,1859,1535,2471,0.8257127487896718,4,0,0,0,,,2708,2582,0,0.9534711964549483,1,3730,3713,3986,0.9954423592493298,2,487,0,0,0.0,2,79,3,31,0.0379746835443038,3,977,77,4691,0.07881269191402251,2,974,91,499,0.09342915811088295,3,391,74,317,0.18925831202046037,2,270,14,4938,0.05185185185185185,2,2702,207,564,0.0766099185788305,2,775,1,2,0.0012903225806451613,2,3478,386,51,0.1109833237492812,2,55,0,1626,0.0,2,181,0,2,0.0,6,2,0,0,0.0,10,1068,959,124,0.8979400749063671,7,3837,3776,3541,0.9841021631482929,2,6505,210,15604,0.03228285933897002,2,897,0,116,0.0,2,2703,89,6393,0.032926378098409176,2,801,1,3490,0.0012484394506866417,2,181,0,4697,0.0,2,0,0,0,,,3697,0,4,0.0,2,1075,0,0,0.0,3,2,0,0,0.0,2,1652,0,0,0.0,2,250,0,1,0.0,2,36,0,0,0.0,2,1431,0,7026,0.0,2,17932,17923,0,0.9994981039482489,1,154,153,154,0.9935064935064936,2,1045,48,150,0.045933014354066985,2,1946,0,3488,0.0,2,793,0,0,0.0,3,3429,0,0,0.0,3,646,0,7,0.0,2,36,0,0,0.0,2,6150,0,4,0.0,2,1762,0,5,0.0,2,88,0,291,0.0,2,9768,0,12,0.0,2,4242,3784,2774,0.892032060348892,2,22,19,25,0.8636363636363636,2,13,0,0,0.0,2,1483,1308,4630,0.8819959541469993,2,2718,2502,1276,0.9205298013245033,2,198,7,74,0.03535353535353535,2,1017,95,1563,0.09341199606686332,2,420,0,2,0.0,3,23,0,0,0.0,4
SRR18680468.fastq.bam,1,0,1,0.0,2,2665,2651,3445,0.9947467166979362,3,58,51,1691,0.8793103448275862,2,2839,2793,1697,0.9837971116590348,4,1,0,0,0.0,8,326,317,540,0.9723926380368099,9,714,711,4762,0.9957983193277311,2,2012,1968,869,0.9781312127236581,3,1083,1082,1836,0.9990766389658357,4,3,0,0,0.0,3,1558,1546,0,0.9922978177150192,1,2332,2324,2282,0.9965694682675815,2,582,0,1,0.0,2,50,0,0,0.0,3,916,0,4348,0.0,2,685,0,0,0.0,3,1871,1,1869,0.0005344735435595938,2,153,0,2420,0.0,2,2125,0,0,0.0,2,1750,0,0,0.0,2,2788,0,0,0.0,2,54,0,1557,0.0,2,214,0,2,0.0,6,1,0,0,0.0,10,854,843,119,0.9871194379391101,7,2890,2826,2514,0.9778546712802768,2,4064,30,11628,0.0073818897637795275,2,460,0,798,0.0,2,3361,0,7505,0.0,2,630,0,3206,0.0,2,82,0,3378,0.0,2,6,0,0,0.0,2,3070,0,5,0.0,2,573,0,0,0.0,3,4,0,0,0.0,2,1309,0,0,0.0,2,305,0,1,0.0,2,3,0,0,0.0,2,1226,0,6078,0.0,2,10815,10806,0,0.9991678224687933,1,21,21,17,1.0,2,1136,10,40,0.008802816901408451,2,1580,0,3202,0.0,2,1777,0,0,0.0,3,2754,0,0,0.0,3,573,0,8,0.0,2,3,0,0,0.0,2,2605,8,6,0.003071017274472169,2,1818,0,4,0.0,2,6,0,37,0.0,2,7276,0,9,0.0,2,1549,1547,1178,0.9987088444157521,2,266,250,232,0.9398496240601504,2,2,0,0,0.0,2,1145,1122,4504,0.9799126637554585,2,2012,1974,877,0.9811133200795229,2,135,0,0,0.0,2,715,0,0,0.0,2,385,0,2,0.0,3,3,0,0,0.0,4
SRR18680469.fastq.bam,880,0,0,0.0,1,1900,1895,2156,0.9973684210526316,3,31,25,917,0.8064516129032258,2,2388,2312,1674,0.9681742043551089,4,1,0,0,0.0,8,301,284,347,0.9435215946843853,9,661,642,3263,0.9712556732223904,2,1928,1828,787,0.9481327800829875,3,1070,1046,1488,0.9775700934579439,4,6,2,0,0.3333333333333333,3,1550,1530,0,0.9870967741935484,1,2338,2244,2049,0.9597946963216424,2,554,0,0,0.0,2,58,0,0,0.0,3,634,0,2411,0.0,2,753,0,3,0.0,3,1713,42,1611,0.024518388791593695,2,101,0,1502,0.0,2,1294,0,2,0.0,2,680,0,0,0.0,2,1953,0,0,0.0,2,26,0,856,0.0,2,160,0,0,0.0,6,1,0,0,0.0,10,642,619,81,0.9641744548286605,7,2751,2599,2493,0.9447473645946929,2,4830,20,12046,0.004140786749482402,2,233,0,281,0.0,2,1852,0,4661,0.0,2,601,0,2394,0.0,2,105,0,2855,0.0,2,20,0,2,0.0,2,2953,0,4,0.0,2,553,0,0,0.0,3,3,0,0,0.0,2,926,0,2,0.0,2,176,0,3,0.0,2,11,0,1,0.0,2,857,0,4040,0.0,2,9423,9418,0,0.9994693834235382,1,44,43,29,0.9772727272727273,2,1315,87,321,0.0661596958174905,2,1221,0,2393,0.0,2,694,0,0,0.0,3,1931,0,0,0.0,3,306,0,0,0.0,2,11,0,1,0.0,2,3112,9,7,0.002892030848329049,2,1510,33,11,0.02185430463576159,2,23,0,71,0.0,2,6673,0,5,0.0,2,1457,1425,1066,0.9780370624571036,2,122,58,91,0.47540983606557374,2,8,0,0,0.0,2,1001,956,3299,0.955044955044955,2,1928,1842,826,0.9553941908713693,2,132,0,0,0.0,2,803,0,6,0.0,2,352,0,0,0.0,3,12,0,0,0.0,4
SRR18680470.fastq.bam,1,0,0,0.0,2,2007,2001,2964,0.9970104633781763,3,14,13,794,0.9285714285714286,2,3012,3004,2246,0.99734395750332,4,0,0,0,,,322,301,785,0.9347826086956522,9,906,801,6597,0.8841059602649006,2,2266,2257,1055,0.9960282436010591,3,1363,1305,2706,0.9574468085106383,4,0,0,0,,,2288,2078,0,0.9082167832167832,1,4119,4043,3999,0.9815489196406895,2,199,0,0,0.0,2,24,0,0,0.0,3,632,0,3790,0.0,2,532,0,1,0.0,3,1347,1,1344,0.0007423904974016332,2,46,0,2052,0.0,2,1924,0,1,0.0,2,350,0,0,0.0,2,1809,0,0,0.0,2,14,0,732,0.0,2,160,0,0,0.0,6,0,0,0,,,1156,1080,167,0.9342560553633218,7,3316,3306,3647,0.996984318455971,2,7104,0,24417,0.0,2,382,0,212,0.0,2,2485,0,7354,0.0,2,609,0,4248,0.0,2,96,0,4792,0.0,2,0,0,0,,,3186,0,1,0.0,2,539,0,0,0.0,3,4,0,0,0.0,2,706,0,1,0.0,2,188,0,0,0.0,2,0,0,0,,,692,0,4960,0.0,2,17721,17709,0,0.9993228373116642,1,0,0,0,,,923,49,228,0.05308775731310943,2,2222,0,4245,0.0,2,357,0,0,0.0,3,1784,0,0,0.0,3,188,0,2,0.0,2,0,0,0,,,6635,9,3,0.0013564431047475508,2,4215,0,4,0.0,2,0,0,0,,,8536,0,5,0.0,2,3140,2927,2509,0.9321656050955414,2,260,45,83,0.17307692307692307,2,0,0,0,,,1251,1169,6634,0.9344524380495604,2,2266,2260,1053,0.9973521624007061,2,65,0,0,0.0,2,561,0,2,0.0,2,345,0,1,0.0,3,0,0,0,,
SRR18680471.fastq.bam,1,0,0,0.0,2,1312,1306,2247,0.9954268292682927,3,16,9,724,0.5625,2,1584,1508,1303,0.952020202020202,4,5,0,0,0.0,5,148,140,497,0.9459459459459459,9,170,157,2415,0.9235294117647059,2,1294,1209,673,0.9343122102009274,3,504,477,1740,0.9464285714285714,4,4,0,0,0.0,3,1170,1158,0,0.9897435897435898,1,1833,1779,1831,0.9705400981996727,2,220,0,0,0.0,2,8,0,0,0.0,3,331,6,2328,0.01812688821752266,2,160,2,46,0.0125,3,851,0,809,0.0,2,13,1,1159,0.07692307692307693,2,887,0,69,0.0,2,591,0,0,0.0,2,1178,0,0,0.0,2,11,0,645,0.0,2,90,0,0,0.0,6,3,0,0,0.0,6,657,636,106,0.9680365296803652,7,1998,1867,2268,0.9344344344344344,2,3762,56,13324,0.014885699096225412,2,266,0,91,0.0,2,1388,40,4284,0.02881844380403458,2,312,1,2548,0.003205128205128205,2,12,0,2799,0.0,2,18,0,1,0.0,2,1967,0,4,0.0,2,182,0,0,0.0,3,1,0,0,0.0,2,342,0,0,0.0,2,121,0,2,0.0,2,18,0,0,0.0,1,392,0,3551,0.0,2,9266,9262,0,0.9995683142672135,1,11,11,16,1.0,2,779,30,131,0.038510911424903725,2,1233,0,2549,0.0,2,599,0,0,0.0,3,1164,0,0,0.0,3,175,0,2,0.0,2,18,0,0,0.0,1,2425,3,3,0.0012371134020618556,2,1551,2,5,0.0012894906511927789,2,6,0,24,0.0,2,5026,0,8,0.0,2,1283,1219,1106,0.9501169134840218,2,179,19,33,0.10614525139664804,2,21,0,0,0.0,1,664,629,3859,0.947289156626506,2,1294,1220,692,0.9428129829984544,2,32,0,0,0.0,2,168,2,155,0.011904761904761904,2,217,0,0,0.0,3,1,0,0,0.0,3
SRR18680472.fastq.bam,1,0,0,0.0,2,2535,2353,3227,0.9282051282051282,3,29,22,1469,0.7586206896551724,2,2518,2411,1981,0.9575059571088165,4,1,0,0,0.0,7,354,335,765,0.9463276836158192,9,646,580,5040,0.8978328173374613,2,2168,2010,953,0.9271217712177122,3,900,856,1967,0.9511111111111111,4,1,0,0,0.0,3,1310,1290,0,0.9847328244274809,1,2046,1986,1930,0.9706744868035191,2,573,0,0,0.0,2,49,0,0,0.0,3,673,0,4191,0.0,2,446,0,0,0.0,3,2033,0,1904,0.0,2,51,0,2022,0.0,2,2214,0,1,0.0,2,1025,0,0,0.0,2,2482,16,6,0.0064464141821112,2,23,0,1354,0.0,2,158,0,2,0.0,6,1,0,0,0.0,9,1133,1100,156,0.970873786407767,7,3123,2937,2903,0.9404418828049952,2,3751,17,12005,0.0045321247667288725,2,304,0,215,0.0,2,1698,0,5180,0.0,2,658,1,4104,0.001519756838905775,2,54,0,3421,0.0,2,9,0,0,0.0,2,2183,0,3,0.0,2,333,0,0,0.0,3,18,0,0,0.0,2,972,0,2,0.0,2,441,0,2,0.0,2,4,0,0,0.0,2,978,0,5556,0.0,2,12173,12155,0,0.9985213176702539,1,18,18,14,1.0,2,1169,22,137,0.018819503849443968,2,2053,0,4102,0.0,2,1044,0,0,0.0,3,2449,0,0,0.0,3,435,0,4,0.0,2,4,0,0,0.0,2,2838,3,5,0.0010570824524312897,2,2064,23,5,0.011143410852713179,2,9,1,28,0.1111111111111111,2,5280,0,11,0.0,2,1872,1733,1461,0.9257478632478633,2,151,46,85,0.304635761589404,2,2,0,0,0.0,2,1314,1254,5775,0.954337899543379,2,2168,2024,983,0.933579335793358,2,155,0,0,0.0,2,475,0,1,0.0,2,350,0,2,0.0,3,4,0,0,0.0,4
SRR18680473.fastq.bam,1165,1,0,0.0008583690987124463,1,2548,2339,3369,0.9179748822605965,3,36,25,1203,0.6944444444444444,2,2478,2312,1732,0.9330104923325262,4,2,0,0,0.0,7,347,324,657,0.9337175792507204,9,646,554,3934,0.8575851393188855,2,2085,1912,868,0.9170263788968825,3,969,881,1958,0.9091847265221878,4,3,0,0,0.0,2,1318,1270,0,0.9635811836115327,1,2335,2107,2218,0.902355460385439,2,521,2,40,0.003838771593090211,2,27,0,0,0.0,3,647,0,3497,0.0,2,538,0,0,0.0,3,1999,1,1802,0.0005002501250625312,2,77,0,2129,0.0,2,1759,0,51,0.0,2,1083,0,1,0.0,2,2651,17,6,0.006412674462466994,2,28,0,1096,0.0,2,138,0,2,0.0,6,2,0,0,0.0,9,1017,973,152,0.9567354965585054,7,2973,2751,2715,0.9253279515640767,2,4079,0,12281,0.0,2,284,0,151,0.0,2,1694,0,5074,0.0,2,691,0,3816,0.0,2,82,0,3406,0.0,2,1,0,0,0.0,2,2478,0,70,0.0,2,360,0,0,0.0,3,18,0,0,0.0,2,1073,0,2,0.0,2,286,0,1,0.0,2,15,0,0,0.0,2,1042,0,5693,0.0,2,12504,12491,0,0.9989603326935381,1,52,52,66,1.0,2,1169,52,267,0.04448246364414029,2,1893,0,3812,0.0,2,1111,0,0,0.0,3,2615,0,0,0.0,3,355,0,1,0.0,2,15,0,0,0.0,2,3263,13,5,0.00398406374501992,2,2222,15,2,0.0067506750675067504,2,27,0,113,0.0,2,6193,0,34,0.0,2,1608,1475,1228,0.9172885572139303,2,181,48,96,0.26519337016574585,2,3,0,0,0.0,2,1296,1237,5327,0.9544753086419753,2,2085,1932,907,0.9266187050359712,2,78,0,0,0.0,2,573,0,2,0.0,2,304,0,2,0.0,3,8,0,0,0.0,4
SRR18680474.fastq.bam,1,0,0,0.0,2,1470,0,0,0.0,3,22,0,0,0.0,2,975,0,0,0.0,4,1,0,0,0.0,8,81,0,0,0.0,9,335,0,0,0.0,2,1003,0,0,0.0,3,402,0,0,0.0,4,36,0,0,0.0,3,969,0,0,0.0,1,1537,0,0,0.0,2,117,0,0,0.0,2,13,0,0,0.0,3,602,0,2156,0.0,2,377,0,0,0.0,3,691,0,3,0.0,2,56,0,0,0.0,2,976,0,0,0.0,2,705,0,1,0.0,2,1007,0,0,0.0,2,11,0,0,0.0,2,73,0,0,0.0,6,1,0,0,0.0,10,178,0,0,0.0,7,1408,0,2,0.0,2,1717,0,2,0.0,2,4089,0,1,0.0,2,1099,0,0,0.0,2,182,0,0,0.0,2,39,0,4,0.0,2,241,0,0,0.0,2,2318,0,1,0.0,2,368,0,0,0.0,3,1,0,0,0.0,2,452,0,0,0.0,2,40,0,2,0.0,2,78,0,0,0.0,2,408,0,0,0.0,2,6436,6434,0,0.9996892479801118,1,287,285,431,0.9930313588850174,2,494,492,1258,0.9959514170040485,2,357,0,0,0.0,2,716,0,0,0.0,3,1003,0,0,0.0,3,91,0,0,0.0,2,77,0,0,0.0,2,3144,0,2,0.0,2,1049,0,0,0.0,2,161,0,678,0.0,2,6888,0,3,0.0,2,1333,0,3,0.0,2,2805,0,0,0.0,2,38,0,0,0.0,2,345,0,1,0.0,2,1003,0,0,0.0,2,28,0,0,0.0,2,390,0,0,0.0,2,122,0,0,0.0,3,79,0,0,0.0,4
SRR18680475.fastq.bam,759,0,0,0.0,1,2191,2040,3074,0.9310816978548608,3,26,22,779,0.8461538461538461,2,2074,1970,1913,0.9498553519768563,4,1,0,0,0.0,8,246,239,537,0.9715447154471545,9,611,581,4608,0.9509001636661211,2,1837,1683,878,0.9161676646706587,3,731,697,1742,0.9534883720930233,4,2,0,0,0.0,3,1396,1392,0,0.997134670487106,1,2347,2289,2339,0.9752876011930124,2,319,2,48,0.006269592476489028,2,13,0,0,0.0,3,468,0,3064,0.0,2,362,0,3,0.0,3,1987,0,1986,0.0,2,54,0,1820,0.0,2,1355,19,134,0.014022140221402213,2,959,11,44,0.011470281543274244,2,2198,21,4,0.009554140127388535,2,24,1,727,0.041666666666666664,2,118,0,0,0.0,6,1,0,0,0.0,10,787,770,133,0.9783989834815756,7,2680,2548,2400,0.9507462686567164,2,3235,56,11796,0.01731066460587326,2,373,0,747,0.0,2,2401,26,6647,0.010828821324448146,2,476,0,3135,0.0,2,55,0,2932,0.0,2,11,0,0,0.0,2,2300,0,3,0.0,2,317,0,0,0.0,3,13,0,0,0.0,2,797,0,2,0.0,2,145,0,0,0.0,2,3,0,0,0.0,2,818,0,5102,0.0,2,11299,11292,0,0.9993804761483317,1,13,13,21,1.0,2,923,2,36,0.0021668472372697724,2,1590,2,3133,0.0012578616352201257,2,972,0,0,0.0,3,2165,0,0,0.0,3,192,0,2,0.0,2,3,0,0,0.0,2,3056,0,3,0.0,2,2506,0,4,0.0,2,6,0,29,0.0,2,5788,0,12,0.0,2,1626,1519,1494,0.9341943419434194,2,342,211,228,0.6169590643274854,2,1,0,0,0.0,2,962,939,4586,0.9760914760914761,2,1837,1691,897,0.9205225911812738,2,42,0,0,0.0,2,377,0,3,0.0,2,269,0,0,0.0,3,2,0,0,0.0,4
SRR18680476.fastq.bam,173,0,0,0.0,1,792,789,1460,0.9962121212121212,3,4,4,190,1.0,2,1322,1280,1100,0.9682299546142209,4,0,0,0,,,63,63,292,1.0,9,161,147,2300,0.9130434782608695,2,896,851,514,0.9497767857142857,3,309,308,1276,0.9967637540453075,4,1,0,0,0.0,3,805,800,0,0.9937888198757764,1,1426,1419,1451,0.9950911640953717,2,160,0,0,0.0,2,2,0,0,0.0,3,155,0,1378,0.0,2,75,0,1,0.0,3,870,0,820,0.0,2,4,0,827,0.0,2,454,0,0,0.0,2,604,16,37,0.026490066225165563,2,624,0,0,0.0,2,4,0,173,0.0,2,70,0,0,0.0,6,0,0,0,,,354,351,75,0.9915254237288136,7,1411,1349,1765,0.9560595322466336,2,2750,4,11702,0.0014545454545454545,2,47,0,158,0.0,2,1007,0,3887,0.0,2,138,0,1610,0.0,2,6,0,2004,0.0,2,6,0,0,0.0,2,1241,0,1,0.0,2,89,0,0,0.0,3,5,0,0,0.0,2,158,0,1,0.0,2,25,0,0,0.0,2,0,0,0,,,187,0,2248,0.0,2,6662,6657,0,0.9992494746322426,1,0,0,0,,,332,2,19,0.006024096385542169,2,712,1,1606,0.0014044943820224719,2,615,0,0,0.0,3,618,0,0,0.0,3,32,0,0,0.0,2,0,0,0,,,1848,5,3,0.0027056277056277055,2,1480,0,3,0.0,2,0,0,0,,,3151,0,8,0.0,2,935,932,844,0.9967914438502674,2,59,59,66,1.0,2,0,0,0,,,365,363,2473,0.9945205479452055,2,896,862,509,0.9620535714285714,2,9,0,0,0.0,2,77,0,1,0.0,2,146,0,0,0.0,3,0,0,0,,
SRR18680477.fastq.bam,466,0,0,0.0,1,2826,2815,4013,0.9961075725406936,3,12,12,487,1.0,2,1965,1948,1388,0.9913486005089058,4,1,0,0,0.0,8,228,221,449,0.9692982456140351,9,473,457,3462,0.9661733615221987,2,844,819,336,0.9703791469194313,3,700,672,1564,0.96,4,1,1,0,1.0,2,2283,2256,0,0.988173455978975,1,3960,3942,3835,0.9954545454545455,2,402,0,0,0.0,2,19,0,0,0.0,3,553,0,3493,0.0,2,609,0,6,0.0,3,1280,0,1272,0.0,2,49,0,1968,0.0,2,1883,0,0,0.0,2,870,0,0,0.0,2,2677,0,0,0.0,2,12,0,464,0.0,2,95,0,0,0.0,6,1,0,0,0.0,10,665,662,95,0.9954887218045113,7,1155,1154,990,0.9991341991341991,2,5271,0,18088,0.0,2,78,0,262,0.0,2,1267,4,4119,0.0031570639305445935,2,443,0,2563,0.0,2,46,0,2707,0.0,2,1,1,0,1.0,1,3122,0,3,0.0,2,605,0,0,0.0,3,4,0,0,0.0,2,1092,0,2,0.0,2,216,0,0,0.0,2,3,0,0,0.0,2,1094,0,6821,0.0,2,9200,9184,0,0.9982608695652174,1,6,6,14,1.0,2,1118,7,45,0.006261180679785331,2,1190,1,2561,0.0008403361344537816,2,891,0,0,0.0,3,2648,0,0,0.0,3,123,0,1,0.0,2,3,0,0,0.0,2,3850,2,11,0.0005194805194805195,2,3591,0,18,0.0,2,4,0,19,0.0,2,7879,0,9,0.0,2,2366,2319,1778,0.9801352493660186,2,64,64,70,1.0,2,1,0,0,0.0,2,888,880,3554,0.990990990990991,2,844,819,336,0.9703791469194313,2,60,0,0,0.0,2,661,0,8,0.0,2,227,0,0,0.0,3,1,0,0,0.0,4
SRR18680478.fastq.bam,385,8,0,0.02077922077922078,1,2982,2835,3545,0.9507042253521126,3,22,15,387,0.6818181818181818,2,2532,2462,1989,0.9723538704581358,4,6,0,0,0.0,6,277,247,454,0.8916967509025271,9,601,525,3441,0.8735440931780366,2,1494,1441,595,0.964524765729585,3,1307,1210,1891,0.9257842387146136,4,1,0,2,0.0,3,1622,1554,0,0.9580764488286067,1,2615,2402,2380,0.918546845124283,2,358,0,0,0.0,2,32,0,0,0.0,3,780,0,3107,0.0,2,864,0,2,0.0,3,2017,0,1930,0.0,2,145,0,2550,0.0,2,1979,0,7,0.0,2,1117,0,0,0.0,2,3134,0,0,0.0,2,16,0,352,0.0,2,153,0,2,0.0,6,4,0,0,0.0,7,734,686,104,0.9346049046321526,7,2097,2026,1763,0.966142107773009,2,5692,0,14417,0.0,2,217,0,270,0.0,2,2213,0,4986,0.0,2,579,0,2711,0.0,2,111,0,3673,0.0,2,2,0,2,0.0,2,2766,0,9,0.0,2,508,0,0,0.0,3,13,0,0,0.0,2,1422,0,4,0.0,2,118,0,1,0.0,2,8,0,0,0.0,2,1375,1,6354,0.0007272727272727272,2,12350,12344,0,0.9995141700404858,1,21,21,13,1.0,2,896,68,253,0.07589285714285714,2,1403,0,2709,0.0,2,1145,0,0,0.0,3,3081,0,0,0.0,3,137,0,1,0.0,2,8,0,0,0.0,2,3528,4,2,0.0011337868480725624,2,2043,0,3,0.0,2,12,0,33,0.0,2,6617,0,60,0.0,2,2200,1830,1678,0.8318181818181818,2,308,55,103,0.17857142857142858,2,1,0,0,0.0,2,1085,994,3662,0.9161290322580645,2,1494,1448,612,0.9692101740294511,2,74,0,0,0.0,2,913,0,3,0.0,2,333,0,2,0.0,3,1,0,0,0.0,4
SRR18680479.fastq.bam,129,0,0,0.0,1,1439,1363,1541,0.9471855455177206,3,11,6,120,0.5454545454545454,2,1557,1351,971,0.867694283879255,4,5,0,0,0.0,6,156,131,168,0.8397435897435898,9,401,309,1780,0.770573566084788,2,989,640,346,0.647118301314459,3,476,376,694,0.7899159663865546,4,9,0,1,0.0,3,1428,1306,0,0.9145658263305322,1,2772,2517,2494,0.908008658008658,2,188,0,0,0.0,2,4,0,0,0.0,3,502,0,1774,0.0,2,573,0,0,0.0,3,481,0,394,0.0,2,213,0,1475,0.0,2,945,0,0,0.0,2,391,0,0,0.0,2,1371,0,0,0.0,2,8,0,115,0.0,2,119,0,0,0.0,6,3,0,0,0.0,7,341,293,43,0.8592375366568915,7,1427,952,983,0.6671338472319551,2,6251,0,13227,0.0,2,278,0,0,0.0,2,1624,0,3230,0.0,2,369,0,1286,0.0,2,49,0,1266,0.0,2,19,0,1,0.0,2,2678,0,2,0.0,2,563,0,0,0.0,3,18,0,0,0.0,1,642,0,0,0.0,2,39,0,0,0.0,2,6,0,0,0.0,2,539,0,2897,0.0,2,4914,4909,0,0.998982498982499,1,21,21,8,1.0,2,368,73,183,0.1983695652173913,2,639,0,1286,0.0,2,400,0,0,0.0,3,1355,0,0,0.0,3,46,0,1,0.0,2,6,0,0,0.0,2,3952,0,6,0.0,2,1627,0,4,0.0,2,10,0,29,0.0,2,7070,0,5,0.0,2,1328,1133,900,0.8531626506024096,2,635,0,1,0.0,2,34,0,0,0.0,1,591,507,1777,0.8578680203045685,2,989,672,403,0.679474216380182,2,15,0,0,0.0,2,608,0,0,0.0,2,223,0,0,0.0,3,2,0,0,0.0,4
SRR18680480.fastq.bam,77,0,0,0.0,1,2216,1763,1965,0.7955776173285198,3,6,0,18,0.0,2,1415,184,223,0.13003533568904593,4,2,0,0,0.0,8,112,31,34,0.2767857142857143,9,391,164,1107,0.4194373401534527,2,401,125,69,0.3117206982543641,3,1141,419,789,0.3672217353198948,4,6,0,0,0.0,3,1058,695,0,0.6568998109640832,1,2262,866,1058,0.3828470380194518,2,68,0,0,0.0,2,21,0,0,0.0,3,1507,0,6615,0.0,2,111,0,0,0.0,3,1817,0,625,0.0,2,325,0,1470,0.0,2,237,0,0,0.0,2,377,0,0,0.0,2,2112,0,0,0.0,2,78,16,0,0.20512820512820512,1,77,0,0,0.0,6,2,0,0,0.0,10,226,64,9,0.2831858407079646,7,569,188,210,0.3304042179261863,2,7200,0,7896,0.0,2,3836,0,1,0.0,2,1366,0,675,0.0,2,267,0,319,0.0,2,128,0,1552,0.0,2,39,0,0,0.0,2,1494,0,2,0.0,2,377,0,0,0.0,3,4,0,0,0.0,2,1006,0,1,0.0,2,51,0,0,0.0,2,39,0,0,0.0,2,831,0,3718,0.0,2,13280,13268,0,0.9990963855421687,1,121,120,186,0.9917355371900827,2,249,100,216,0.40160642570281124,2,404,0,319,0.0,2,393,0,0,0.0,3,2080,0,0,0.0,3,23,0,0,0.0,2,39,0,0,0.0,2,2233,0,2,0.0,2,1038,0,2,0.0,2,81,0,289,0.0,2,4064,0,1,0.0,2,1544,1170,957,0.7577720207253886,2,1490,0,0,0.0,2,22,0,0,0.0,2,395,113,457,0.28607594936708863,2,401,130,89,0.32418952618453867,2,49,0,0,0.0,2,116,0,0,0.0,2,157,0,0,0.0,3,34,0,0,0.0,4
SRR18680481.fastq.bam,232,29,0,0.125,1,4521,1785,1898,0.39482415394824155,3,20,6,114,0.3,2,1981,1301,907,0.6567390206966178,4,5,0,0,0.0,8,337,168,224,0.49851632047477745,9,1146,426,2883,0.3717277486910995,2,1060,594,301,0.560377358490566,3,1257,702,1171,0.5584725536992841,4,23,0,0,0.0,3,2365,1522,0,0.6435517970401692,1,5859,2297,2529,0.3920464243044888,2,294,0,0,0.0,2,21,0,0,0.0,3,1289,0,4785,0.0,2,2027,0,3,0.0,3,443,0,215,0.0,2,395,0,1846,0.0,2,1352,0,0,0.0,2,2462,0,4,0.0,2,4318,0,3,0.0,2,13,0,110,0.0,2,146,0,1,0.0,6,5,0,0,0.0,10,755,388,46,0.5139072847682119,7,1494,863,882,0.5776439089692101,2,9557,0,18090,0.0,2,978,0,0,0.0,2,3330,0,3452,0.0,2,680,0,1572,0.0,2,159,0,2321,0.0,2,81,0,0,0.0,2,5462,0,7,0.0,2,808,0,0,0.0,3,10,0,0,0.0,2,1639,0,1,0.0,2,75,0,0,0.0,2,64,0,1,0.0,2,1236,0,3631,0.0,2,12461,12449,0,0.9990369954257283,1,221,220,294,0.995475113122172,2,646,326,727,0.5046439628482973,2,1283,0,1571,0.0,2,2497,0,0,0.0,3,4266,0,0,0.0,3,81,0,0,0.0,2,64,0,0,0.0,2,12301,0,8,0.0,2,2485,0,4,0.0,2,131,0,476,0.0,2,13721,0,17,0.0,2,5526,2151,2629,0.38925081433224756,2,4094,1,6,0.0002442598925256473,2,32,0,1,0.0,2,1145,543,2158,0.474235807860262,2,1060,622,386,0.5867924528301887,2,46,0,0,0.0,2,2106,0,6,0.0,2,260,0,2,0.0,3,55,0,0,0.0,4
SRR18680482.fastq.bam,1,0,2,0.0,2,1133,966,977,0.852603706972639,3,40,20,581,0.5,2,1752,1458,977,0.8321917808219178,4,6,0,0,0.0,6,152,103,172,0.6776315789473685,9,400,263,1400,0.6575,2,1292,843,461,0.6524767801857585,3,501,435,626,0.8682634730538922,4,19,0,0,0.0,3,877,625,0,0.7126567844925884,1,1179,905,881,0.7675996607294318,2,134,0,0,0.0,2,27,0,0,0.0,3,544,0,1841,0.0,2,615,0,0,0.0,3,1235,0,1039,0.0,2,126,0,1135,0.0,2,934,0,0,0.0,2,453,0,0,0.0,2,980,0,2,0.0,2,25,0,537,0.0,2,110,0,0,0.0,6,8,0,0,0.0,7,353,272,38,0.7705382436260623,7,1868,1267,1537,0.6782655246252677,2,2697,0,5096,0.0,2,551,0,0,0.0,2,1277,0,2298,0.0,2,315,0,1246,0.0,2,56,0,1202,0.0,2,59,0,0,0.0,2,1407,0,2,0.0,2,307,0,0,0.0,3,10,0,0,0.0,2,421,0,0,0.0,2,143,0,0,0.0,2,7,0,0,0.0,2,313,0,1930,0.0,2,5494,5488,0,0.9989078995267565,1,24,24,30,1.0,2,426,104,300,0.24413145539906103,2,684,0,1246,0.0,2,459,0,0,0.0,3,959,0,0,0.0,3,216,0,0,0.0,2,7,0,0,0.0,2,2850,0,4,0.0,2,677,0,1,0.0,2,15,0,51,0.0,2,3747,0,4,0.0,2,1209,1012,902,0.837055417700579,2,716,0,3,0.0,2,1,0,0,0.0,2,568,445,1688,0.7834507042253521,2,1292,871,546,0.6741486068111455,2,67,0,1,0.0,2,649,0,0,0.0,2,216,0,0,0.0,3,1,0,0,0.0,4
SRR18680483.fastq.bam,4,0,0,0.0,2,2854,2041,2203,0.7151366503153469,3,124,39,1070,0.31451612903225806,2,2232,1757,1129,0.7871863799283154,4,3,0,0,0.0,8,226,222,273,0.9823008849557522,9,366,262,1572,0.7158469945355191,2,1767,1428,616,0.8081494057724957,3,774,616,953,0.7958656330749354,4,0,0,0,,,2565,1831,0,0.713840155945419,1,2914,2316,2300,0.7947838023335622,2,442,0,1,0.0,2,75,0,0,0.0,3,1855,0,7417,0.0,2,482,0,0,0.0,3,2190,0,1728,0.0,2,193,0,2098,0.0,2,1867,0,0,0.0,2,624,0,3,0.0,2,2991,0,1,0.0,2,50,0,988,0.0,2,140,0,1,0.0,6,3,0,0,0.0,10,494,489,66,0.9898785425101214,7,2485,2025,2184,0.8148893360160966,2,5007,0,11747,0.0,2,466,0,971,0.0,2,1749,0,3758,0.0,2,387,0,1688,0.0,2,100,0,1809,0.0,2,0,0,0,,,3065,0,3,0.0,2,906,0,0,0.0,3,5,0,0,0.0,2,1256,0,2,0.0,2,460,0,0,0.0,2,32,0,0,0.0,2,996,0,4212,0.0,2,7228,7225,0,0.999584947426674,1,130,130,141,1.0,2,588,74,197,0.12585034013605442,2,853,0,1688,0.0,2,637,0,0,0.0,3,2954,0,0,0.0,3,526,0,2,0.0,2,32,0,0,0.0,2,8756,0,12,0.0,2,1000,0,2,0.0,2,72,0,254,0.0,2,7575,0,6,0.0,2,4497,4024,2894,0.8948187680676006,2,1118,313,250,0.27996422182468694,2,16,0,0,0.0,2,720,716,2144,0.9944444444444445,2,1767,1444,643,0.8172043010752689,2,163,0,0,0.0,2,506,0,0,0.0,2,245,0,1,0.0,3,27,0,0,0.0,4
SRR18680484.fastq.bam,684,1,0,0.0014619883040935672,1,2277,774,921,0.33992094861660077,3,28,17,685,0.6071428571428571,2,1382,1373,711,0.9934876989869754,4,3,0,0,0.0,8,131,109,125,0.8320610687022901,9,273,156,989,0.5714285714285714,2,996,767,359,0.7700803212851406,3,720,532,830,0.7388888888888889,4,7,0,0,0.0,3,1942,1862,0,0.9588053553038105,1,3920,3458,3290,0.8821428571428571,2,209,0,0,0.0,2,27,0,0,0.0,3,682,0,3089,0.0,2,515,0,0,0.0,3,1044,0,868,0.0,2,166,0,1000,0.0,2,2285,0,1,0.0,2,303,0,1,0.0,2,2353,0,0,0.0,2,21,0,627,0.0,2,75,0,1,0.0,6,3,0,0,0.0,10,267,230,32,0.8614232209737828,7,1440,1111,1252,0.7715277777777778,2,4331,0,10474,0.0,2,2171,0,437,0.0,2,1765,0,2932,0.0,2,210,0,892,0.0,2,77,0,1616,0.0,2,41,0,0,0.0,2,3627,0,9,0.0,2,776,0,0,0.0,3,13,0,0,0.0,1,881,0,3,0.0,2,263,0,0,0.0,2,55,0,0,0.0,2,710,0,1686,0.0,2,6950,6945,0,0.9992805755395684,1,197,197,247,1.0,2,638,59,150,0.09247648902821316,2,511,0,892,0.0,2,307,0,0,0.0,3,2314,0,0,0.0,3,236,0,0,0.0,2,55,0,0,0.0,2,5900,0,3,0.0,2,1573,1,1,0.0006357279084551812,2,114,0,422,0.0,2,9656,0,10,0.0,2,1504,1005,928,0.668218085106383,2,797,112,152,0.14052697616060225,2,23,0,0,0.0,2,419,342,1159,0.8162291169451074,2,996,782,403,0.785140562248996,2,65,0,0,0.0,2,541,0,0,0.0,2,139,0,1,0.0,3,42,0,0,0.0,4
SRR18680485.fastq.bam,44,0,0,0.0,1,509,0,0,0.0,3,1,0,0,0.0,2,357,0,0,0.0,4,2,0,0,0.0,8,0,0,0,,,156,0,3,0.0,2,101,0,0,0.0,3,0,0,0,,,3,0,0,0.0,3,196,0,0,0.0,1,244,0,0,0.0,2,151,0,1,0.0,2,2,0,0,0.0,3,270,0,1145,0.0,2,361,0,0,0.0,3,290,0,0,0.0,2,28,0,0,0.0,2,1,0,0,0.0,1,0,0,0,,,388,0,0,0.0,2,1,0,0,0.0,2,22,0,0,0.0,6,2,0,0,0.0,10,0,0,0,,,144,0,0,0.0,2,603,0,1,0.0,2,3929,0,1,0.0,2,867,0,0,0.0,2,0,0,0,,,0,0,0,,,17,0,0,0.0,2,681,0,0,0.0,2,69,0,0,0.0,3,6,0,0,0.0,1,164,0,1,0.0,2,0,0,0,,,15,0,0,0.0,2,174,0,0,0.0,2,0,0,0,,,49,47,77,0.9591836734693877,2,236,236,458,1.0,2,0,0,0,,,0,0,0,,,387,0,0,0.0,3,9,0,0,0.0,2,15,0,0,0.0,2,903,0,0,0.0,2,191,0,0,0.0,2,30,0,119,0.0,2,2037,0,3,0.0,2,289,0,0,0.0,2,1404,0,3,0.0,2,10,0,0,0.0,2,0,0,0,,,101,0,0,0.0,2,5,0,0,0.0,2,376,0,1,0.0,2,35,0,0,0.0,3,19,0,0,0.0,4
SRR18680486.fastq.bam,274,0,0,0.0,1,2105,0,0,0.0,3,13,0,0,0.0,2,1561,0,0,0.0,4,3,0,0,0.0,8,123,0,0,0.0,9,268,0,0,0.0,2,778,0,0,0.0,3,345,0,0,0.0,4,12,0,0,0.0,3,1134,0,0,0.0,1,1508,0,0,0.0,2,321,0,0,0.0,2,7,0,0,0.0,3,455,0,1742,0.0,2,601,0,0,0.0,3,411,0,0,0.0,2,38,0,1,0.0,2,1386,0,1,0.0,2,515,0,0,0.0,2,1567,0,1,0.0,2,8,0,0,0.0,2,88,0,0,0.0,6,3,0,0,0.0,10,247,0,0,0.0,7,1091,0,2,0.0,2,3177,0,0,0.0,2,4241,0,1,0.0,2,697,0,0,0.0,2,292,0,0,0.0,2,33,0,2,0.0,2,60,0,0,0.0,2,2024,0,1,0.0,2,369,0,0,0.0,3,2,0,0,0.0,2,665,0,1,0.0,2,62,0,1,0.0,2,60,0,1,0.0,2,677,0,0,0.0,2,5322,5319,0,0.9994363021420518,1,234,232,382,0.9914529914529915,2,642,642,1540,1.0,2,458,0,0,0.0,2,530,0,0,0.0,3,1556,0,0,0.0,3,68,0,0,0.0,2,59,0,0,0.0,2,3249,0,1,0.0,2,1325,0,2,0.0,2,134,0,585,0.0,2,5024,0,5,0.0,2,1111,0,0,0.0,2,3374,0,0,0.0,2,29,0,0,0.0,2,467,0,1,0.0,2,778,0,1,0.0,2,23,0,0,0.0,2,628,0,2,0.0,2,157,0,0,0.0,3,63,0,0,0.0,4
SRR18680487.fastq.bam,1,0,0,0.0,2,3520,0,0,0.0,3,14,0,0,0.0,2,1638,0,0,0.0,4,4,0,0,0.0,8,244,0,0,0.0,9,582,0,3,0.0,2,1925,0,0,0.0,3,735,0,0,0.0,4,25,0,0,0.0,3,1637,0,0,0.0,1,2092,0,1,0.0,2,339,0,0,0.0,2,54,0,0,0.0,3,1354,0,5341,0.0,2,851,0,0,0.0,3,963,0,0,0.0,2,140,0,1,0.0,2,2186,0,1,0.0,2,782,0,2,0.0,2,2772,0,4,0.0,2,10,0,0,0.0,2,112,0,0,0.0,6,4,0,0,0.0,10,507,0,0,0.0,7,2550,0,5,0.0,2,2825,0,1,0.0,2,4768,0,2,0.0,2,1282,0,0,0.0,2,566,0,4,0.0,2,64,0,1,0.0,2,76,0,0,0.0,2,2995,0,4,0.0,2,565,0,0,0.0,3,22,0,0,0.0,1,1185,0,3,0.0,2,106,0,1,0.0,2,146,0,29,0.0,2,1219,0,0,0.0,2,9310,9306,0,0.9995703544575725,1,536,533,819,0.9944029850746269,2,676,676,1528,1.0,2,1010,0,1,0.0,2,792,0,0,0.0,3,2755,0,0,0.0,3,74,0,1,0.0,2,144,0,0,0.0,2,4343,0,6,0.0,2,1303,0,2,0.0,2,307,1,1270,0.003257328990228013,2,6608,0,4,0.0,2,1876,0,3,0.0,2,3442,0,5,0.0,2,63,0,0,0.0,2,885,0,0,0.0,2,1925,0,2,0.0,2,134,0,0,0.0,2,889,0,0,0.0,2,226,0,0,0.0,3,114,0,0,0.0,4
SRR18680488.fastq.bam,1,0,0,0.0,2,3215,0,0,0.0,3,10,0,0,0.0,2,501,0,0,0.0,4,6,0,0,0.0,7,242,0,0,0.0,9,600,0,3,0.0,2,1223,0,0,0.0,3,647,0,0,0.0,4,11,0,0,0.0,3,1336,1,0,0.0007485029940119761,1,2541,0,0,0.0,2,196,0,0,0.0,2,21,0,0,0.0,3,1431,0,5834,0.0,2,760,0,0,0.0,3,1395,0,5,0.0,2,184,0,1,0.0,2,1538,0,0,0.0,2,680,0,1,0.0,2,2238,0,2,0.0,2,6,0,0,0.0,2,40,0,0,0.0,6,8,0,0,0.0,9,537,0,0,0.0,7,1679,0,3,0.0,2,6732,0,4,0.0,2,4825,0,2,0.0,2,1814,0,0,0.0,2,610,0,1,0.0,2,61,0,1,0.0,2,51,0,0,0.0,2,2221,0,4,0.0,2,595,0,0,0.0,3,1,0,0,0.0,2,995,0,2,0.0,2,57,0,0,0.0,2,97,0,0,0.0,2,1020,0,0,0.0,2,8503,8499,0,0.999529577796072,1,382,382,602,1.0,2,355,355,850,1.0,2,977,0,1,0.0,2,695,0,0,0.0,3,2222,0,0,0.0,3,46,0,0,0.0,2,97,0,0,0.0,2,5144,0,4,0.0,2,1647,0,2,0.0,2,219,0,933,0.0,2,6660,0,7,0.0,2,2623,0,2,0.0,2,4301,0,4,0.0,2,40,0,0,0.0,2,887,0,1,0.0,2,1223,0,1,0.0,2,68,0,0,0.0,2,790,0,1,0.0,2,79,0,0,0.0,3,77,0,0,0.0,4
SRR18680489.fastq.bam,64,0,0,0.0,1,1836,0,1,0.0,3,66,0,0,0.0,1,42,0,0,0.0,4,2,0,0,0.0,8,88,0,0,0.0,9,278,0,0,0.0,2,984,0,0,0.0,3,615,0,0,0.0,4,5,0,0,0.0,3,1069,0,0,0.0,1,1927,0,0,0.0,2,65,0,0,0.0,2,3,0,0,0.0,3,289,0,1445,0.0,2,296,0,0,0.0,3,715,0,1,0.0,2,28,0,1,0.0,2,689,0,0,0.0,2,681,0,2,0.0,2,1251,0,0,0.0,2,66,0,0,0.0,1,6,0,0,0.0,6,2,0,0,0.0,10,198,0,0,0.0,7,1325,0,4,0.0,2,4017,0,0,0.0,2,2299,0,0,0.0,2,412,0,0,0.0,2,230,0,3,0.0,2,64,0,2,0.0,2,15,0,0,0.0,2,1636,0,1,0.0,2,325,0,0,0.0,3,1,0,0,0.0,2,465,0,0,0.0,2,14,0,0,0.0,2,44,0,0,0.0,2,464,0,0,0.0,2,10553,10023,0,0.949777314507723,1,174,174,272,1.0,2,196,196,764,1.0,2,404,0,1,0.0,2,690,0,0,0.0,3,1240,0,0,0.0,3,14,0,0,0.0,2,44,0,0,0.0,2,4477,0,4,0.0,2,876,0,0,0.0,2,110,0,417,0.0,2,4106,0,4,0.0,2,1136,0,0,0.0,2,1901,0,0,0.0,2,12,0,0,0.0,2,348,0,1,0.0,2,984,0,1,0.0,2,12,0,0,0.0,2,307,0,0,0.0,2,11,0,0,0.0,3,24,0,0,0.0,4
SRR18680490.fastq.bam,64,0,0,0.0,1,2527,238,298,0.09418282548476455,3,3,0,1,0.0,2,235,0,0,0.0,4,7,0,0,0.0,7,117,5,6,0.042735042735042736,9,364,18,231,0.04945054945054945,2,314,0,0,0.0,3,401,32,68,0.0798004987531172,4,6,0,0,0.0,3,944,0,0,0.0,1,1785,142,166,0.07955182072829131,2,328,0,82,0.0,2,7,0,0,0.0,3,595,0,2585,0.0,2,1189,0,0,0.0,3,328,0,0,0.0,2,107,0,372,0.0,2,576,0,0,0.0,2,110,0,0,0.0,2,2278,0,0,0.0,2,1,0,0,0.0,2,25,0,0,0.0,6,7,0,0,0.0,9,282,11,3,0.03900709219858156,7,435,0,1,0.0,2,3128,0,1314,0.0,2,1547,0,0,0.0,2,598,0,67,0.0,2,333,0,50,0.0,2,41,0,169,0.0,2,17,0,0,0.0,2,1349,0,0,0.0,2,438,0,0,0.0,3,10,0,0,0.0,1,845,0,0,0.0,2,30,0,0,0.0,2,69,0,1,0.0,2,766,0,531,0.0,2,6254,6249,0,0.9992005116725295,1,210,210,339,1.0,2,309,307,679,0.9935275080906149,2,550,0,48,0.0,2,111,0,0,0.0,3,2254,0,0,0.0,3,11,0,0,0.0,2,69,0,1,0.0,2,6252,0,5,0.0,2,790,0,1,0.0,2,143,0,508,0.0,2,3350,0,7,0.0,2,1969,154,258,0.0782122905027933,2,3633,0,2,0.0,2,24,0,0,0.0,2,493,16,103,0.032454361054766734,2,314,0,1,0.0,2,19,0,0,0.0,2,1243,0,2,0.0,2,40,0,0,0.0,3,50,0,0,0.0,4
SRR18680491.fastq.bam,164,0,0,0.0,1,1870,0,0,0.0,3,8,0,0,0.0,2,245,208,118,0.8489795918367347,4,4,0,0,0.0,8,82,0,0,0.0,9,93,0,0,0.0,2,739,0,0,0.0,3,205,0,1,0.0,4,15,0,0,0.0,3,1664,0,0,0.0,1,1013,1,0,0.0009871668311944718,2,253,0,1,0.0,2,15,0,0,0.0,3,138,0,736,0.0,2,371,0,0,0.0,3,494,0,223,0.0,2,56,0,0,0.0,2,612,0,1,0.0,2,200,0,1,0.0,2,1388,0,0,0.0,2,6,0,0,0.0,2,15,0,0,0.0,6,4,0,0,0.0,10,238,0,0,0.0,7,1059,0,4,0.0,2,2634,0,2,0.0,2,5379,0,2,0.0,2,1334,0,0,0.0,2,288,0,1,0.0,2,16,0,1,0.0,2,55,0,0,0.0,2,3016,0,5,0.0,2,510,0,0,0.0,3,25,0,0,0.0,1,502,0,1,0.0,2,47,0,0,0.0,2,40,0,0,0.0,2,519,0,0,0.0,2,3163,3159,0,0.9987353778058805,1,188,188,343,1.0,2,1138,1008,2528,0.8857644991212654,2,448,0,1,0.0,2,202,0,0,0.0,3,1381,0,0,0.0,3,39,0,0,0.0,2,38,0,0,0.0,2,6563,0,4,0.0,2,1854,1,2,0.0005393743257820927,2,101,0,503,0.0,2,8851,0,11,0.0,2,1307,428,455,0.3274674827850038,2,3165,0,4,0.0,2,28,0,0,0.0,2,434,0,1,0.0,2,739,0,2,0.0,2,43,0,0,0.0,2,386,0,1,0.0,2,23,0,0,0.0,3,57,0,0,0.0,4
SRR18680492.fastq.bam,281,0,0,0.0,1,1241,1237,1482,0.9967767929089444,3,2,2,299,1.0,2,1452,1420,966,0.977961432506887,4,0,0,0,,,155,143,198,0.9225806451612903,9,10,10,80,1.0,2,1058,1055,375,0.997164461247637,3,196,196,301,1.0,4,1,1,0,1.0,2,947,947,0,1.0,1,1904,1897,1852,0.9963235294117647,2,138,9,41,0.06521739130434782,2,8,0,0,0.0,3,290,0,1313,0.0,2,394,5,61,0.012690355329949238,3,655,2,653,0.0030534351145038168,2,107,0,2008,0.0,2,871,0,0,0.0,2,621,22,46,0.03542673107890499,2,1053,0,0,0.0,2,2,0,278,0.0,2,93,0,0,0.0,6,0,0,0,,,365,354,45,0.9698630136986301,7,1431,1428,1617,0.9979035639412998,2,3744,64,9428,0.017094017094017096,2,63,0,109,0.0,2,943,19,2526,0.02014846235418876,2,305,1,1437,0.003278688524590164,2,25,0,552,0.0,2,1,0,1,0.0,2,1993,0,1,0.0,2,313,0,0,0.0,3,1,0,0,0.0,2,502,0,2,0.0,2,66,0,0,0.0,2,0,0,0,,,463,0,2711,0.0,2,1822,1821,0,0.9994511525795828,1,0,0,0,,,169,0,5,0.0,2,640,0,1438,0.0,2,629,0,0,0.0,3,1045,0,0,0.0,3,57,0,0,0.0,2,0,0,0,,,970,0,3,0.0,2,1033,0,1,0.0,2,0,0,0,,,4868,0,2,0.0,2,940,937,700,0.9968085106382979,2,47,47,53,1.0,2,0,0,0,,,542,502,1743,0.9261992619926199,2,1058,1056,374,0.998109640831758,2,35,0,0,0.0,2,416,5,197,0.01201923076923077,2,185,0,1,0.0,3,0,0,0,,
SRR18762211.fastq.bam,12,0,0,0.0,1,231,0,0,0.0,3,11,0,0,0.0,1,2,0,0,0.0,4,2,0,0,0.0,6,5,0,0,0.0,9,110,0,0,0.0,2,104,0,0,0.0,3,122,0,0,0.0,4,1,0,0,0.0,3,90,0,0,0.0,1,301,0,0,0.0,2,2,0,0,0.0,2,1,0,0,0.0,2,30,0,133,0.0,2,131,0,0,0.0,3,138,0,0,0.0,2,16,0,0,0.0,2,108,0,0,0.0,2,30,0,0,0.0,2,124,0,0,0.0,2,10,0,0,0.0,1,2,0,0,0.0,5,2,0,0,0.0,6,11,0,0,0.0,7,152,0,0,0.0,2,688,0,1,0.0,2,412,0,0,0.0,2,47,0,0,0.0,2,17,0,0,0.0,2,10,0,0,0.0,2,9,0,0,0.0,2,241,0,1,0.0,2,32,0,0,0.0,3,22,0,0,0.0,1,51,0,0,0.0,2,2,0,0,0.0,1,3,0,0,0.0,2,50,0,0,0.0,2,2163,2161,0,0.9990753582986592,1,7,6,21,0.8571428571428571,2,51,51,138,1.0,2,21,0,0,0.0,2,31,0,0,0.0,3,121,0,0,0.0,3,1,0,0,0.0,2,3,0,0,0.0,2,1523,0,1,0.0,2,127,0,0,0.0,2,6,0,24,0.0,2,660,0,2,0.0,2,216,0,0,0.0,2,676,0,2,0.0,2,23,0,0,0.0,1,32,0,0,0.0,2,104,0,0,0.0,2,3,0,0,0.0,1,138,0,0,0.0,2,3,0,0,0.0,2,1,0,0,0.0,4
