,"Amplicon 73
[21889-22247]

AY.4.2

21995C,22227T","Amplicon 72
[21561-21904]

BA.1

21762T,Δ21765-21770,21846T","Amplicon 73
[21889-22247]

BA.1

Δ21987-21995,Δ22194-22196","Amplicon 75
[22428-22785]

BA.1

22578A,22673→CTC,22679C,22686T","Amplicon 76
[22677-23028]

BA.1

22679C,22686T,22813T,22882G,22898A,22992A,22995A,23013C","Amplicon 77
[22974-23327]

BA.1

22992A,22995A,23013C,23040G,23048A,23055G,23063T,23075C,23202A","Amplicon 80
[23876-24233]

BA.1

23948T,24130A","Amplicon 81
[24194-24545]

BA.1

24424T,24469A,24503T","Amplicon 78
[23246-23611]

BA.1,BA.2

23403G,23525T,23599G,23604A","Amplicon 79
[23575-23927]

BA.1,BA.2

23599G,23604A,23854A","Amplicon 94
[28021-28394]

BA.1,BA.2

28311T,Δ28362-28370","Amplicon 95
[28214-28572]

BA.1,BA.2

28311T,Δ28362-28370","Amplicon 14
[4018-4387]

BA.2

4184A,4321T","Amplicon 31
[9192-9535]

BA.2

9344T,9424G,9534T","Amplicon 33
[9805-10150]

BA.2

9866T,10029T","Amplicon 34
[10099-10465]

BA.2

10198T,10447A,10449A","Amplicon 35
[10419-10785]

BA.2

10447A,10449A","Amplicon 43
[12856-13218]

BA.2

12880T,13195C","Amplicon 66
[19836-20186]

BA.2

19955T,20055G","Amplicon 71
[21316-21675]

BA.2

21618T,Δ21633-21641","Amplicon 72
[21561-21904]

BA.2

21618T,Δ21633-21641","Amplicon 73
[21889-22247]

BA.2

Δ21987-21995,22200G","Amplicon 75
[22428-22785]

BA.2

22578A,22674T,22679C,22686T,22688G,22775A","Amplicon 76
[22677-23028]

BA.2

22679C,22686T,22688G,22775A,22786T,22813T,22882G,22992A,22995A,23013C","Amplicon 77
[22974-23327]

BA.2

22992A,22995A,23013C,23040G,23055G,23063T,23075C","Amplicon 81
[24194-24545]

BA.2

24424T,24469A","Amplicon 87
[25979-26338]

BA.2

26060T,26270T","Amplicon 89
[26587-26956]

BA.2

26709A,26858T","Amplicon 91
[27177-27534]

BA.2

27259C,27382→CTC","Amplicon 77
[22974-23327]

B.1.1.7 (alpha)

23063T,23271A","Amplicon 78
[23246-23611]

B.1.1.7 (alpha)

23271A,23604A","Amplicon 79
[23575-23927]

B.1.1.7 (alpha)

23604A,23709T","Amplicon 93
[27726-28082]

B.1.1.7 (alpha)

27972T,28048T","Amplicon 94
[28021-28394]

B.1.1.7 (alpha)

28048T,28111G,28280→CTA","Amplicon 29
[8619-8990]

B.1.351 (beta)

8660T,8964T","Amplicon 72
[21561-21904]

B.1.351 (beta)

21614T,21801C","Amplicon 74
[22113-22474]

B.1.351 (beta)

22206G,22299T","Amplicon 76
[22677-23028]

B.1.351 (beta)

22813T,23012A","Amplicon 72
[21561-21904]

C.36.3

21597T,Δ21765-21770","Amplicon 78
[23246-23611]

B.1

23403G","Amplicon 76
[22677-23028]

AY.4.2,B.1.617.2 (delta)

22917G,22995A","Amplicon 92
[27473-27826]

AY.4.2,B.1.617.2 (delta)

27638C,27752T","Amplicon 77
[22974-23327]

B.1.351 (beta),P.1 (gamma)

23012A,23063T","Amplicon 71
[21316-21675]

P.1 (gamma)

21614T,21621A,21638T","Amplicon 72
[21561-21904]

P.1 (gamma)

21614T,21621A,21638T","Amplicon 73
[21889-22247]

P.1 (gamma)

21974T,22132T","Amplicon 76
[22677-23028]

P.1 (gamma)

22812C,23012A","Amplicon 96
[28536-28893]

P.1 (gamma)

28877T,28878C","Amplicon 97
[28849-29206]

P.1 (gamma)

28877T,28878C","Amplicon 76
[22677-23028]

B.1.617.3,B.1.617.1 (kappa)

22917G,23012C","Amplicon 93
[27726-28082]

B.1.621

27925A,28005T","Amplicon 82
[24448-24814]

BA.1,BA.1

24469A,24503T","Amplicon 88
[26277-26635]

BA.1,BA.1

26530G,26577G","Amplicon 76
[22677-23028]

BA.1

22679C,22898A","Amplicon 77
[22974-23327]

BA.1

23048A,23202A","Amplicon 81
[24194-24545]

BA.1

24469A,24503T","Amplicon 31
[9192-9535]

BA.2

9424G,9534T","Amplicon 34
[10099-10465]

BA.2

10198T,10447A","Amplicon 75
[22428-22785]

BA.2

22679C,22688G,22775A","Amplicon 76
[22677-23028]

BA.2

22679C,22688G,22775A,22786C"
SRR18680446.fastq.bam,"0 / 1
0.00%","2461 / 2980
82.58%","23 / 27
85.19%","3134 / 3248
96.49%","0 / 0
NA","307 / 335
91.64%","68 / 73
93.15%","2359 / 2495
94.55%","862 / 869
99.19%","0 / 0
NA","2556 / 2562
99.77%","4889 / 4906
99.65%","0 / 371
0.00%","0 / 26
0.00%","24 / 1143
2.10%","14 / 520
2.69%","117 / 1958
5.98%","0 / 110
0.00%","0 / 1401
0.00%","0 / 1748
0.00%","311 / 2555
12.17%","2 / 27
7.41%","0 / 188
0.00%","0 / 0
NA","871 / 874
99.66%","3583 / 3587
99.89%","609 / 9341
6.52%","0 / 220
0.00%","141 / 2671
5.28%","1 / 613
0.16%","0 / 81
0.00%","0 / 0
NA","0 / 4837
0.00%","0 / 852
0.00%","0 / 2
0.00%","0 / 1079
0.00%","0 / 148
0.00%","0 / 0
NA","0 / 977
0.00%","8571 / 8579
99.91%","0 / 0
NA","0 / 352
0.00%","0 / 1516
0.00%","0 / 1765
0.00%","0 / 2533
0.00%","0 / 223
0.00%","0 / 0
NA","8 / 2649
0.30%","0 / 3023
0.00%","0 / 0
NA","0 / 12318
0.00%","2614 / 2727
95.86%","161 / 161
100.00%","0 / 0
NA","1027 / 1167
88.00%","2361 / 2495
94.63%","0 / 73
0.00%","16 / 551
2.90%","0 / 365
0.00%","0 / 0
NA"
SRR18680447.fastq.bam,"1 / 853
0.12%","1031 / 1348
76.48%","16 / 19
84.21%","3039 / 3063
99.22%","0 / 0
NA","177 / 206
85.92%","58 / 60
96.67%","2088 / 2280
91.58%","506 / 511
99.02%","0 / 0
NA","1562 / 1566
99.74%","2340 / 2354
99.41%","0 / 119
0.00%","0 / 21
0.00%","0 / 581
0.00%","0 / 272
0.00%","1 / 799
0.13%","0 / 33
0.00%","0 / 613
0.00%","61 / 989
6.17%","222 / 1050
21.14%","0 / 19
0.00%","0 / 185
0.00%","0 / 0
NA","687 / 695
98.85%","3152 / 3274
96.27%","327 / 7569
4.32%","0 / 337
0.00%","94 / 1794
5.24%","0 / 457
0.00%","0 / 26
0.00%","0 / 0
NA","0 / 3229
0.00%","0 / 372
0.00%","0 / 2
0.00%","0 / 378
0.00%","0 / 49
0.00%","0 / 0
NA","0 / 371
0.00%","6171 / 6176
99.92%","0 / 0
NA","0 / 182
0.00%","1 / 1245
0.08%","0 / 1005
0.00%","0 / 1034
0.00%","0 / 202
0.00%","0 / 0
NA","5 / 1161
0.43%","0 / 1302
0.00%","0 / 0
NA","0 / 8637
0.00%","1535 / 1538
99.80%","236 / 236
100.00%","0 / 0
NA","830 / 942
88.11%","2159 / 2280
94.69%","0 / 69
0.00%","0 / 283
0.00%","0 / 363
0.00%","0 / 0
NA"
SRR18680448.fastq.bam,"1 / 1152
0.09%","2814 / 3940
71.42%","31 / 49
63.27%","3194 / 3221
99.16%","0 / 0
NA","369 / 433
85.22%","115 / 116
99.14%","2113 / 2498
84.59%","855 / 858
99.65%","0 / 3
0.00%","1636 / 1673
97.79%","2542 / 2649
95.96%","20 / 561
3.57%","10 / 80
12.50%","114 / 749
15.22%","45 / 719
6.26%","68 / 1370
4.96%","31 / 226
13.72%","126 / 2251
5.60%","22 / 924
2.38%","631 / 3663
17.23%","7 / 47
14.89%","0 / 189
0.00%","0 / 0
NA","976 / 1011
96.54%","3260 / 3398
95.94%","359 / 6368
5.64%","0 / 192
0.00%","117 / 2044
5.72%","0 / 714
0.00%","0 / 81
0.00%","0 / 12
0.00%","0 / 3395
0.00%","0 / 592
0.00%","0 / 10
0.00%","0 / 1583
0.00%","0 / 414
0.00%","0 / 0
NA","0 / 1459
0.00%","8061 / 8066
99.94%","0 / 0
NA","14 / 565
2.48%","0 / 1607
0.00%","0 / 945
0.00%","0 / 3626
0.00%","0 / 405
0.00%","0 / 0
NA","0 / 1973
0.00%","0 / 1603
0.00%","0 / 0
NA","0 / 8604
0.00%","1962 / 1964
99.90%","101 / 247
40.89%","0 / 0
NA","1194 / 1587
75.24%","2125 / 2498
85.07%","35 / 241
14.52%","50 / 764
6.54%","0 / 399
0.00%","0 / 0
NA"
SRR18680449.fastq.bam,"1 / 457
0.22%","1119 / 1468
76.23%","9 / 18
50.00%","1602 / 1759
91.07%","0 / 6
0.00%","186 / 217
85.71%","125 / 147
85.03%","1370 / 1581
86.65%","438 / 442
99.10%","0 / 2
0.00%","1215 / 1299
93.53%","2043 / 2429
84.11%","7 / 257
2.72%","1 / 21
4.76%","20 / 499
4.01%","0 / 286
0.00%","72 / 1249
5.76%","5 / 122
4.10%","53 / 1357
3.91%","0 / 692
0.00%","0 / 1496
0.00%","1 / 16
6.25%","0 / 100
0.00%","0 / 2
0.00%","543 / 593
91.57%","2083 / 2301
90.53%","384 / 4207
9.13%","0 / 316
0.00%","0 / 1838
0.00%","0 / 431
0.00%","1 / 54
1.85%","0 / 11
0.00%","0 / 2403
0.00%","0 / 411
0.00%","0 / 7
0.00%","0 / 613
0.00%","0 / 74
0.00%","0 / 6
0.00%","0 / 520
0.00%","4978 / 4985
99.86%","37 / 37
100.00%","39 / 372
10.48%","0 / 1076
0.00%","0 / 702
0.00%","0 / 1477
0.00%","0 / 139
0.00%","0 / 6
0.00%","0 / 2234
0.00%","0 / 1821
0.00%","0 / 18
0.00%","0 / 6087
0.00%","1259 / 1543
81.59%","121 / 237
51.05%","0 / 87
0.00%","697 / 777
89.70%","1385 / 1581
87.60%","3 / 52
5.77%","0 / 299
0.00%","0 / 226
0.00%","0 / 6
0.00%"
SRR18680450.fastq.bam,"0 / 4
0.00%","3194 / 3392
94.16%","47 / 82
57.32%","3065 / 3282
93.39%","0 / 3
0.00%","359 / 407
88.21%","102 / 126
80.95%","2090 / 2096
99.71%","983 / 1010
97.33%","0 / 3
0.00%","2315 / 2466
93.88%","4246 / 4597
92.36%","0 / 560
0.00%","0 / 36
0.00%","0 / 1184
0.00%","0 / 613
0.00%","2 / 1666
0.12%","0 / 179
0.00%","0 / 2331
0.00%","0 / 2441
0.00%","0 / 3317
0.00%","0 / 57
0.00%","0 / 194
0.00%","0 / 1
0.00%","979 / 1093
89.57%","2993 / 3001
99.73%","0 / 6164
0.00%","1 / 741
0.13%","0 / 3117
0.00%","0 / 884
0.00%","0 / 99
0.00%","0 / 19
0.00%","0 / 4818
0.00%","0 / 750
0.00%","0 / 7
0.00%","0 / 1294
0.00%","0 / 470
0.00%","0 / 4
0.00%","0 / 1298
0.00%","12457 / 12466
99.93%","9 / 9
100.00%","17 / 926
1.84%","1 / 2049
0.05%","0 / 2506
0.00%","0 / 3265
0.00%","0 / 595
0.00%","0 / 3
0.00%","0 / 3313
0.00%","1 / 3561
0.03%","0 / 4
0.00%","0 / 12128
0.00%","2473 / 2796
88.45%","181 / 589
30.73%","0 / 1
0.00%","1368 / 1500
91.20%","2090 / 2096
99.71%","0 / 116
0.00%","0 / 656
0.00%","0 / 398
0.00%","0 / 2
0.00%"
SRR18680451.fastq.bam,"0 / 405
0.00%","1750 / 1841
95.06%","10 / 11
90.91%","2125 / 2290
92.79%","0 / 0
NA","166 / 197
84.26%","190 / 218
87.16%","1162 / 1321
87.96%","619 / 663
93.36%","0 / 2
0.00%","1352 / 1443
93.69%","2385 / 2480
96.17%","0 / 237
0.00%","0 / 23
0.00%","0 / 506
0.00%","0 / 504
0.00%","2 / 1863
0.11%","3 / 83
3.61%","0 / 659
0.00%","0 / 936
0.00%","0 / 1784
0.00%","0 / 10
0.00%","0 / 130
0.00%","0 / 0
NA","459 / 517
88.78%","1708 / 1926
88.68%","0 / 4638
0.00%","0 / 282
0.00%","0 / 2395
0.00%","1 / 352
0.28%","0 / 59
0.00%","0 / 14
0.00%","0 / 2493
0.00%","0 / 411
0.00%","0 / 21
0.00%","0 / 725
0.00%","0 / 76
0.00%","0 / 0
NA","0 / 619
0.00%","8498 / 8697
97.71%","0 / 0
NA","40 / 601
6.66%","0 / 954
0.00%","0 / 961
0.00%","0 / 1759
0.00%","0 / 134
0.00%","0 / 0
NA","1 / 2150
0.05%","0 / 1936
0.00%","0 / 0
NA","0 / 6831
0.00%","1676 / 1867
89.77%","95 / 183
51.91%","0 / 0
NA","623 / 716
87.01%","1180 / 1321
89.33%","0 / 55
0.00%","0 / 522
0.00%","0 / 265
0.00%","0 / 0
NA"
SRR18680452.fastq.bam,"0 / 1
0.00%","0 / 1258
0.00%","0 / 9
0.00%","0 / 749
0.00%","0 / 1
0.00%","0 / 104
0.00%","0 / 85
0.00%","0 / 1065
0.00%","0 / 225
0.00%","0 / 11
0.00%","0 / 943
0.00%","0 / 1277
0.00%","0 / 43
0.00%","0 / 5
0.00%","0 / 401
0.00%","0 / 431
0.00%","0 / 646
0.00%","0 / 65
0.00%","0 / 670
0.00%","0 / 607
0.00%","0 / 894
0.00%","0 / 9
0.00%","0 / 49
0.00%","0 / 1
0.00%","0 / 230
0.00%","0 / 1443
0.00%","0 / 2830
0.00%","0 / 2382
0.00%","0 / 435
0.00%","0 / 251
0.00%","0 / 16
0.00%","0 / 59
0.00%","0 / 1317
0.00%","0 / 286
0.00%","0 / 3
0.00%","0 / 356
0.00%","0 / 7
0.00%","0 / 26
0.00%","0 / 372
0.00%","3985 / 3992
99.82%","69 / 69
100.00%","149 / 149
100.00%","0 / 435
0.00%","0 / 619
0.00%","0 / 887
0.00%","0 / 34
0.00%","0 / 26
0.00%","0 / 2524
0.00%","0 / 585
0.00%","0 / 46
0.00%","0 / 3179
0.00%","0 / 307
0.00%","0 / 2935
0.00%","0 / 14
0.00%","0 / 424
0.00%","0 / 1065
0.00%","0 / 34
0.00%","0 / 450
0.00%","0 / 84
0.00%","0 / 23
0.00%"
SRR18680453.fastq.bam,"0 / 1
0.00%","2952 / 3172
93.06%","48 / 68
70.59%","3896 / 3982
97.84%","0 / 1
0.00%","472 / 534
88.39%","152 / 174
87.36%","2675 / 2882
92.82%","1107 / 1132
97.79%","0 / 0
NA","2308 / 2311
99.87%","3788 / 3863
98.06%","0 / 188
0.00%","1 / 44
2.27%","0 / 1053
0.00%","0 / 597
0.00%","0 / 1772
0.00%","4 / 197
2.03%","75 / 1772
4.23%","0 / 1117
0.00%","118 / 2812
4.20%","4 / 58
6.90%","1 / 231
0.43%","0 / 1
0.00%","1194 / 1265
94.39%","4085 / 4094
99.78%","96 / 7507
1.28%","0 / 51
0.00%","29 / 2413
1.20%","0 / 965
0.00%","0 / 100
0.00%","0 / 0
NA","0 / 3958
0.00%","0 / 839
0.00%","0 / 14
0.00%","0 / 1335
0.00%","0 / 324
0.00%","0 / 3
0.00%","0 / 1205
0.00%","10841 / 10853
99.89%","16 / 16
100.00%","16 / 976
1.64%","0 / 2217
0.00%","0 / 1141
0.00%","0 / 2780
0.00%","0 / 651
0.00%","0 / 3
0.00%","0 / 2467
0.00%","0 / 2979
0.00%","0 / 5
0.00%","0 / 10613
0.00%","2304 / 2536
90.85%","39 / 136
28.68%","0 / 1
0.00%","1532 / 1744
87.84%","2676 / 2882
92.85%","4 / 164
2.44%","0 / 627
0.00%","1 / 450
0.22%","0 / 2
0.00%"
SRR18680454.fastq.bam,"0 / 1
0.00%","1742 / 1750
99.54%","13 / 28
46.43%","2263 / 2273
99.56%","0 / 1
0.00%","432 / 438
98.63%","321 / 371
86.52%","1967 / 2192
89.74%","1288 / 1370
94.01%","0 / 15
0.00%","3061 / 3151
97.14%","3527 / 3899
90.46%","0 / 822
0.00%","0 / 36
0.00%","0 / 948
0.00%","0 / 1103
0.00%","0 / 925
0.00%","0 / 115
0.00%","0 / 2939
0.00%","0 / 669
0.00%","0 / 1534
0.00%","0 / 16
0.00%","0 / 127
0.00%","0 / 1
0.00%","1169 / 1171
99.83%","2861 / 3185
89.83%","1 / 8858
0.01%","0 / 199
0.00%","0 / 1517
0.00%","0 / 714
0.00%","0 / 78
0.00%","0 / 101
0.00%","0 / 3403
0.00%","0 / 978
0.00%","0 / 2
0.00%","0 / 701
0.00%","0 / 367
0.00%","0 / 19
0.00%","0 / 655
0.00%","15130 / 15146
99.89%","99 / 100
99.00%","0 / 1173
0.00%","0 / 2010
0.00%","0 / 683
0.00%","0 / 1518
0.00%","0 / 326
0.00%","0 / 19
0.00%","0 / 6974
0.00%","45 / 2552
1.76%","0 / 48
0.00%","0 / 9479
0.00%","2728 / 3291
82.89%","137 / 137
100.00%","0 / 13
0.00%","1392 / 1400
99.43%","1986 / 2192
90.60%","0 / 117
0.00%","0 / 1164
0.00%","0 / 231
0.00%","0 / 24
0.00%"
SRR18680455.fastq.bam,"0 / 3
0.00%","3010 / 3228
93.25%","48 / 69
69.57%","2834 / 2922
96.99%","0 / 2
0.00%","411 / 430
95.58%","905 / 1030
87.86%","2201 / 2466
89.25%","790 / 910
86.81%","0 / 17
0.00%","1479 / 1523
97.11%","2023 / 2196
92.12%","1 / 847
0.12%","1 / 73
1.37%","25 / 855
2.92%","11 / 755
1.46%","59 / 2547
2.32%","1 / 88
1.14%","7 / 2670
0.26%","0 / 1465
0.00%","14 / 3155
0.44%","1 / 54
1.85%","0 / 165
0.00%","0 / 2
0.00%","1192 / 1236
96.44%","3397 / 3669
92.59%","72 / 4501
1.60%","0 / 428
0.00%","7 / 2443
0.29%","0 / 746
0.00%","0 / 61
0.00%","0 / 70
0.00%","0 / 2659
0.00%","0 / 457
0.00%","0 / 6
0.00%","0 / 1295
0.00%","0 / 551
0.00%","0 / 9
0.00%","0 / 1263
0.00%","11167 / 11270
99.09%","36 / 36
100.00%","56 / 1585
3.53%","0 / 2196
0.00%","0 / 1492
0.00%","0 / 3118
0.00%","0 / 653
0.00%","0 / 9
0.00%","9 / 3038
0.30%","24 / 1922
1.25%","0 / 14
0.00%","0 / 6907
0.00%","1861 / 2140
86.96%","14 / 214
6.54%","0 / 6
0.00%","1429 / 1466
97.48%","2225 / 2466
90.23%","3 / 241
1.24%","12 / 784
1.53%","0 / 373
0.00%","0 / 8
0.00%"
SRR18680456.fastq.bam,"0 / 2
0.00%","3096 / 3233
95.76%","73 / 94
77.66%","3755 / 3785
99.21%","0 / 1
0.00%","568 / 592
95.95%","1192 / 1306
91.27%","2300 / 2475
92.93%","454 / 550
82.55%","0 / 6
0.00%","1609 / 1650
97.52%","2082 / 2233
93.24%","0 / 770
0.00%","0 / 110
0.00%","0 / 1234
0.00%","0 / 923
0.00%","0 / 2919
0.00%","0 / 180
0.00%","0 / 2512
0.00%","0 / 1565
0.00%","0 / 2840
0.00%","0 / 77
0.00%","0 / 228
0.00%","0 / 2
0.00%","1504 / 1540
97.66%","3268 / 3505
93.24%","0 / 5368
0.00%","0 / 672
0.00%","0 / 3581
0.00%","1 / 877
0.11%","0 / 51
0.00%","0 / 22
0.00%","0 / 3189
0.00%","0 / 605
0.00%","0 / 13
0.00%","0 / 1366
0.00%","0 / 462
0.00%","0 / 2
0.00%","0 / 1066
0.00%","5926 / 6001
98.75%","3 / 3
100.00%","106 / 1734
6.11%","0 / 2531
0.00%","0 / 1582
0.00%","0 / 2788
0.00%","0 / 830
0.00%","0 / 2
0.00%","0 / 3094
0.00%","0 / 1742
0.00%","0 / 2
0.00%","0 / 7872
0.00%","1946 / 2035
95.63%","121 / 411
29.44%","0 / 3
0.00%","1798 / 1828
98.36%","2321 / 2475
93.78%","0 / 261
0.00%","0 / 965
0.00%","0 / 430
0.00%","0 / 1
0.00%"
SRR18680457.fastq.bam,"0 / 3
0.00%","3702 / 3716
99.62%","66 / 70
94.29%","4114 / 4267
96.41%","0 / 1
0.00%","738 / 773
95.47%","1157 / 1167
99.14%","3319 / 3436
96.59%","900 / 904
99.56%","0 / 1
0.00%","1857 / 1866
99.52%","2716 / 2735
99.31%","0 / 906
0.00%","0 / 114
0.00%","0 / 1413
0.00%","0 / 1399
0.00%","2 / 3884
0.05%","0 / 218
0.00%","0 / 3171
0.00%","0 / 2606
0.00%","0 / 3543
0.00%","0 / 68
0.00%","0 / 235
0.00%","0 / 1
0.00%","1683 / 1742
96.61%","4435 / 4556
97.34%","1 / 6190
0.02%","0 / 118
0.00%","0 / 3502
0.00%","0 / 1298
0.00%","0 / 73
0.00%","0 / 5
0.00%","0 / 3909
0.00%","0 / 679
0.00%","0 / 4
0.00%","0 / 1784
0.00%","0 / 573
0.00%","0 / 3
0.00%","1 / 1460
0.07%","9144 / 9153
99.90%","13 / 13
100.00%","23 / 1360
1.69%","0 / 3019
0.00%","0 / 2643
0.00%","0 / 3491
0.00%","0 / 736
0.00%","0 / 3
0.00%","0 / 3572
0.00%","0 / 2559
0.00%","0 / 7
0.00%","0 / 8666
0.00%","2488 / 2541
97.91%","46 / 102
45.10%","0 / 1
0.00%","2328 / 2418
96.28%","3329 / 3436
96.89%","0 / 266
0.00%","0 / 1471
0.00%","0 / 580
0.00%","0 / 2
0.00%"
SRR18680458.fastq.bam,"1 / 1409
0.07%","2869 / 3451
83.14%","34 / 54
62.96%","3390 / 3646
92.98%","0 / 8
0.00%","455 / 487
93.43%","811 / 958
84.66%","2593 / 2903
89.32%","778 / 839
92.73%","0 / 2
0.00%","1817 / 1990
91.31%","2593 / 2910
89.11%","0 / 909
0.00%","0 / 43
0.00%","0 / 814
0.00%","0 / 649
0.00%","0 / 1944
0.00%","0 / 59
0.00%","0 / 2185
0.00%","0 / 1386
0.00%","0 / 3434
0.00%","0 / 38
0.00%","0 / 219
0.00%","0 / 4
0.00%","1315 / 1374
95.71%","3702 / 4119
89.88%","0 / 5797
0.00%","0 / 1073
0.00%","0 / 2299
0.00%","1 / 791
0.13%","1 / 50
2.00%","0 / 17
0.00%","0 / 3224
0.00%","0 / 557
0.00%","0 / 1
0.00%","0 / 1369
0.00%","0 / 359
0.00%","0 / 8
0.00%","0 / 1215
0.00%","10635 / 10647
99.89%","20 / 20
100.00%","213 / 1856
11.48%","0 / 2401
0.00%","0 / 1409
0.00%","0 / 3401
0.00%","0 / 415
0.00%","0 / 8
0.00%","0 / 5054
0.00%","0 / 2070
0.00%","0 / 11
0.00%","0 / 7999
0.00%","1987 / 2172
91.48%","133 / 643
20.68%","0 / 1
0.00%","1556 / 1627
95.64%","2627 / 2903
90.49%","0 / 143
0.00%","0 / 689
0.00%","0 / 449
0.00%","0 / 4
0.00%"
SRR18680459.fastq.bam,"0 / 2
0.00%","3469 / 3593
96.55%","36 / 40
90.00%","2815 / 2990
94.15%","0 / 1
0.00%","440 / 470
93.62%","999 / 1083
92.24%","1873 / 1965
95.32%","1826 / 1872
97.54%","1 / 1
100.00%","1857 / 1889
98.31%","2679 / 2733
98.02%","0 / 566
0.00%","0 / 106
0.00%","0 / 1273
0.00%","2 / 1276
0.16%","1 / 2572
0.04%","0 / 298
0.00%","0 / 2789
0.00%","0 / 1329
0.00%","0 / 3664
0.00%","0 / 36
0.00%","0 / 173
0.00%","0 / 1
0.00%","1012 / 1049
96.47%","2590 / 2674
96.86%","0 / 6179
0.00%","0 / 143
0.00%","9 / 2385
0.38%","0 / 918
0.00%","1 / 177
0.56%","0 / 1
0.00%","0 / 3439
0.00%","0 / 669
0.00%","0 / 25
0.00%","0 / 1824
0.00%","0 / 234
0.00%","0 / 4
0.00%","27 / 1621
1.67%","15224 / 15231
99.95%","14 / 15
93.33%","59 / 1262
4.68%","0 / 1825
0.00%","0 / 1354
0.00%","0 / 3627
0.00%","0 / 386
0.00%","0 / 4
0.00%","0 / 3601
0.00%","5 / 2215
0.23%","0 / 8
0.00%","0 / 7831
0.00%","2238 / 2392
93.56%","64 / 256
25.00%","0 / 4
0.00%","1472 / 1543
95.40%","1878 / 1965
95.57%","0 / 241
0.00%","3 / 1361
0.22%","0 / 365
0.00%","0 / 5
0.00%"
SRR18680460.fastq.bam,"0 / 817
0.00%","1538 / 2022
76.06%","24 / 50
48.00%","1262 / 1734
72.78%","0 / 2
0.00%","120 / 176
68.18%","487 / 720
67.64%","1041 / 1497
69.54%","673 / 789
85.30%","0 / 10
0.00%","1126 / 1326
84.92%","1313 / 1649
79.62%","0 / 320
0.00%","0 / 33
0.00%","0 / 562
0.00%","0 / 506
0.00%","0 / 1198
0.00%","0 / 91
0.00%","0 / 1409
0.00%","0 / 836
0.00%","0 / 2121
0.00%","0 / 29
0.00%","0 / 76
0.00%","0 / 2
0.00%","335 / 456
73.46%","1652 / 2293
72.05%","0 / 3696
0.00%","0 / 740
0.00%","0 / 1617
0.00%","0 / 402
0.00%","0 / 68
0.00%","0 / 40
0.00%","0 / 2253
0.00%","0 / 387
0.00%","0 / 2
0.00%","0 / 825
0.00%","0 / 83
0.00%","0 / 16
0.00%","0 / 743
0.00%","9118 / 9250
98.57%","68 / 68
100.00%","91 / 650
14.00%","0 / 941
0.00%","0 / 857
0.00%","0 / 2089
0.00%","0 / 280
0.00%","0 / 16
0.00%","0 / 3823
0.00%","0 / 1064
0.00%","0 / 36
0.00%","0 / 6100
0.00%","1235 / 1772
69.70%","46 / 467
9.85%","0 / 6
0.00%","443 / 643
68.90%","1089 / 1497
72.75%","0 / 105
0.00%","0 / 541
0.00%","0 / 179
0.00%","0 / 11
0.00%"
SRR18680461.fastq.bam,"0 / 3
0.00%","370 / 1734
21.34%","0 / 81
0.00%","46 / 2555
1.80%","0 / 1
0.00%","0 / 209
0.00%","16 / 317
5.05%","0 / 1679
0.00%","44 / 533
8.26%","0 / 32
0.00%","208 / 1881
11.06%","124 / 2117
5.86%","0 / 537
0.00%","0 / 27
0.00%","0 / 487
0.00%","0 / 267
0.00%","0 / 846
0.00%","0 / 23
0.00%","0 / 806
0.00%","0 / 933
0.00%","0 / 1415
0.00%","0 / 44
0.00%","0 / 123
0.00%","0 / 1
0.00%","0 / 724
0.00%","1 / 2427
0.04%","0 / 4311
0.00%","0 / 6197
0.00%","0 / 3745
0.00%","0 / 433
0.00%","0 / 35
0.00%","0 / 292
0.00%","0 / 3841
0.00%","0 / 429
0.00%","0 / 2
0.00%","0 / 425
0.00%","0 / 292
0.00%","0 / 158
0.00%","0 / 431
0.00%","10170 / 10179
99.91%","795 / 798
99.62%","765 / 936
81.73%","0 / 1389
0.00%","0 / 948
0.00%","0 / 1402
0.00%","0 / 314
0.00%","0 / 156
0.00%","0 / 4593
0.00%","0 / 1802
0.00%","0 / 456
0.00%","1 / 10466
0.01%","114 / 1760
6.48%","154 / 6072
2.54%","0 / 89
0.00%","0 / 883
0.00%","0 / 1679
0.00%","0 / 107
0.00%","0 / 285
0.00%","0 / 252
0.00%","0 / 210
0.00%"
SRR18680462.fastq.bam,"0 / 1
0.00%","0 / 3896
0.00%","0 / 108
0.00%","0 / 3006
0.00%","0 / 6
0.00%","0 / 430
0.00%","0 / 748
0.00%","0 / 2024
0.00%","0 / 791
0.00%","0 / 158
0.00%","0 / 1829
0.00%","0 / 1866
0.00%","0 / 980
0.00%","0 / 145
0.00%","0 / 1552
0.00%","0 / 925
0.00%","0 / 1971
0.00%","0 / 218
0.00%","0 / 2582
0.00%","0 / 1255
0.00%","0 / 3024
0.00%","0 / 61
0.00%","0 / 211
0.00%","0 / 6
0.00%","0 / 990
0.00%","0 / 2740
0.00%","0 / 5125
0.00%","0 / 6004
0.00%","0 / 2970
0.00%","0 / 876
0.00%","0 / 72
0.00%","0 / 597
0.00%","0 / 3206
0.00%","0 / 697
0.00%","0 / 10
0.00%","0 / 1347
0.00%","0 / 188
0.00%","0 / 266
0.00%","0 / 1304
0.00%","10989 / 10994
99.95%","889 / 894
99.44%","1008 / 1008
100.00%","0 / 1764
0.00%","0 / 1270
0.00%","0 / 3007
0.00%","0 / 396
0.00%","0 / 265
0.00%","0 / 4237
0.00%","0 / 1734
0.00%","0 / 531
0.00%","0 / 7497
0.00%","0 / 1936
0.00%","0 / 5085
0.00%","0 / 118
0.00%","0 / 1451
0.00%","0 / 2024
0.00%","0 / 328
0.00%","0 / 974
0.00%","0 / 400
0.00%","0 / 225
0.00%"
SRR18680463.fastq.bam,"0 / 82
0.00%","0 / 1260
0.00%","0 / 2
0.00%","0 / 637
0.00%","0 / 3
0.00%","0 / 58
0.00%","0 / 506
0.00%","0 / 639
0.00%","0 / 226
0.00%","0 / 12
0.00%","0 / 811
0.00%","0 / 1044
0.00%","0 / 128
0.00%","0 / 18
0.00%","0 / 294
0.00%","0 / 381
0.00%","0 / 445
0.00%","0 / 32
0.00%","0 / 410
0.00%","0 / 207
0.00%","0 / 841
0.00%","0 / 1
0.00%","0 / 56
0.00%","0 / 4
0.00%","0 / 108
0.00%","0 / 861
0.00%","0 / 2392
0.00%","0 / 3152
0.00%","0 / 1020
0.00%","0 / 149
0.00%","0 / 30
0.00%","0 / 61
0.00%","0 / 1375
0.00%","0 / 295
0.00%","0 / 3
0.00%","0 / 377
0.00%","0 / 13
0.00%","0 / 39
0.00%","0 / 370
0.00%","3742 / 3744
99.95%","147 / 147
100.00%","333 / 333
100.00%","0 / 204
0.00%","0 / 214
0.00%","0 / 838
0.00%","0 / 25
0.00%","0 / 39
0.00%","0 / 2041
0.00%","0 / 658
0.00%","0 / 90
0.00%","0 / 3836
0.00%","0 / 1608
0.00%","0 / 3510
0.00%","0 / 18
0.00%","0 / 219
0.00%","0 / 639
0.00%","0 / 32
0.00%","0 / 391
0.00%","0 / 87
0.00%","0 / 41
0.00%"
SRR18680464.fastq.bam,"1 / 2384
0.04%","3605 / 3949
91.29%","71 / 95
74.74%","3679 / 3864
95.21%","0 / 2
0.00%","525 / 621
84.54%","595 / 804
74.00%","1706 / 2234
76.37%","1119 / 1174
95.32%","0 / 32
0.00%","1988 / 2064
96.32%","2514 / 2569
97.86%","0 / 663
0.00%","0 / 60
0.00%","0 / 948
0.00%","0 / 962
0.00%","0 / 1425
0.00%","8 / 190
4.21%","0 / 2738
0.00%","0 / 1575
0.00%","0 / 4120
0.00%","0 / 80
0.00%","0 / 210
0.00%","0 / 2
0.00%","1407 / 1544
91.13%","2571 / 3192
80.55%","0 / 6059
0.00%","0 / 760
0.00%","0 / 3328
0.00%","1 / 1127
0.09%","0 / 116
0.00%","0 / 108
0.00%","0 / 3065
0.00%","0 / 661
0.00%","0 / 3
0.00%","0 / 1935
0.00%","0 / 493
0.00%","0 / 16
0.00%","0 / 1709
0.00%","12750 / 12762
99.91%","46 / 83
55.42%","80 / 844
9.48%","0 / 2775
0.00%","0 / 1599
0.00%","0 / 4066
0.00%","0 / 858
0.00%","0 / 16
0.00%","0 / 3639
0.00%","0 / 1816
0.00%","0 / 32
0.00%","0 / 7830
0.00%","1498 / 2018
74.23%","220 / 377
58.36%","0 / 10
0.00%","1705 / 1968
86.64%","1753 / 2234
78.47%","0 / 166
0.00%","0 / 1027
0.00%","0 / 409
0.00%","0 / 17
0.00%"
SRR18680465.fastq.bam,"0 / 1
0.00%","4528 / 4673
96.90%","81 / 92
88.04%","5660 / 5712
99.09%","0 / 1
0.00%","826 / 863
95.71%","1187 / 1310
90.61%","3210 / 3332
96.34%","1475 / 1523
96.85%","0 / 2
0.00%","2587 / 2763
93.63%","3521 / 3623
97.18%","0 / 1182
0.00%","0 / 151
0.00%","0 / 1638
0.00%","0 / 1099
0.00%","1 / 2694
0.04%","0 / 200
0.00%","0 / 3445
0.00%","0 / 1986
0.00%","0 / 4654
0.00%","0 / 81
0.00%","0 / 318
0.00%","0 / 1
0.00%","2065 / 2135
96.72%","4659 / 4675
99.66%","0 / 8392
0.00%","0 / 365
0.00%","36 / 3898
0.92%","1 / 1458
0.07%","0 / 140
0.00%","0 / 7
0.00%","0 / 4267
0.00%","0 / 1009
0.00%","0 / 5
0.00%","0 / 2136
0.00%","0 / 490
0.00%","0 / 19
0.00%","0 / 2031
0.00%","17635 / 17654
99.89%","61 / 61
100.00%","103 / 2051
5.02%","0 / 3764
0.00%","0 / 2022
0.00%","0 / 4597
0.00%","0 / 796
0.00%","0 / 19
0.00%","0 / 5138
0.00%","0 / 1963
0.00%","0 / 27
0.00%","0 / 10542
0.00%","2946 / 3447
85.47%","73 / 454
16.08%","0 / 6
0.00%","2697 / 2785
96.84%","3211 / 3332
96.37%","0 / 410
0.00%","0 / 1168
0.00%","0 / 695
0.00%","0 / 8
0.00%"
SRR18680466.fastq.bam,"0 / 1
0.00%","2448 / 2460
99.51%","41 / 41
100.00%","3147 / 3171
99.24%","0 / 10
0.00%","427 / 464
92.03%","701 / 818
85.70%","1474 / 1479
99.66%","1349 / 1352
99.78%","1 / 1
100.00%","2309 / 2431
94.98%","3510 / 3871
90.67%","0 / 525
0.00%","0 / 64
0.00%","0 / 593
0.00%","0 / 1292
0.00%","3 / 1050
0.29%","0 / 127
0.00%","0 / 1787
0.00%","0 / 1602
0.00%","0 / 2001
0.00%","0 / 41
0.00%","0 / 196
0.00%","0 / 1
0.00%","1089 / 1163
93.64%","2054 / 2059
99.76%","0 / 8049
0.00%","0 / 736
0.00%","0 / 2622
0.00%","0 / 765
0.00%","0 / 122
0.00%","0 / 1
0.00%","0 / 4831
0.00%","0 / 829
0.00%","0 / 34
0.00%","0 / 970
0.00%","0 / 142
0.00%","0 / 15
0.00%","1 / 799
0.13%","12564 / 12568
99.97%","43 / 43
100.00%","40 / 1456
2.75%","0 / 1997
0.00%","0 / 1620
0.00%","0 / 1973
0.00%","0 / 445
0.00%","0 / 15
0.00%","0 / 5330
0.00%","0 / 2808
0.00%","0 / 24
0.00%","0 / 12312
0.00%","2747 / 2866
95.85%","138 / 514
26.85%","0 / 4
0.00%","1273 / 1388
91.71%","1474 / 1479
99.66%","0 / 200
0.00%","0 / 1365
0.00%","0 / 412
0.00%","0 / 9
0.00%"
SRR18680467.fastq.bam,"2 / 1851
0.11%","3320 / 3923
84.63%","45 / 91
49.45%","2539 / 2953
85.98%","0 / 2
0.00%","397 / 450
88.22%","1200 / 1270
94.49%","2501 / 2718
92.02%","1535 / 1859
82.57%","0 / 0
NA","2582 / 2708
95.35%","3713 / 3730
99.54%","0 / 487
0.00%","3 / 79
3.80%","77 / 977
7.88%","91 / 974
9.34%","74 / 391
18.93%","14 / 270
5.19%","207 / 2702
7.66%","1 / 775
0.13%","386 / 3478
11.10%","0 / 55
0.00%","0 / 181
0.00%","0 / 2
0.00%","959 / 1068
89.79%","3776 / 3837
98.41%","210 / 6505
3.23%","0 / 897
0.00%","89 / 2703
3.29%","1 / 801
0.12%","0 / 181
0.00%","0 / 0
NA","0 / 3697
0.00%","0 / 1075
0.00%","0 / 2
0.00%","0 / 1652
0.00%","0 / 250
0.00%","0 / 36
0.00%","0 / 1431
0.00%","17923 / 17932
99.95%","153 / 154
99.35%","48 / 1045
4.59%","0 / 1946
0.00%","0 / 793
0.00%","0 / 3429
0.00%","0 / 646
0.00%","0 / 36
0.00%","0 / 6150
0.00%","0 / 1762
0.00%","0 / 88
0.00%","0 / 9768
0.00%","3784 / 4242
89.20%","19 / 22
86.36%","0 / 13
0.00%","1308 / 1483
88.20%","2502 / 2718
92.05%","7 / 198
3.54%","95 / 1017
9.34%","0 / 420
0.00%","0 / 23
0.00%"
SRR18680468.fastq.bam,"0 / 1
0.00%","2651 / 2665
99.47%","51 / 58
87.93%","2793 / 2839
98.38%","0 / 1
0.00%","317 / 326
97.24%","711 / 714
99.58%","1968 / 2012
97.81%","1082 / 1083
99.91%","0 / 3
0.00%","1546 / 1558
99.23%","2324 / 2332
99.66%","0 / 582
0.00%","0 / 50
0.00%","0 / 916
0.00%","0 / 685
0.00%","1 / 1871
0.05%","0 / 153
0.00%","0 / 2125
0.00%","0 / 1750
0.00%","0 / 2788
0.00%","0 / 54
0.00%","0 / 214
0.00%","0 / 1
0.00%","843 / 854
98.71%","2826 / 2890
97.79%","30 / 4064
0.74%","0 / 460
0.00%","0 / 3361
0.00%","0 / 630
0.00%","0 / 82
0.00%","0 / 6
0.00%","0 / 3070
0.00%","0 / 573
0.00%","0 / 4
0.00%","0 / 1309
0.00%","0 / 305
0.00%","0 / 3
0.00%","0 / 1226
0.00%","10806 / 10815
99.92%","21 / 21
100.00%","10 / 1136
0.88%","0 / 1580
0.00%","0 / 1777
0.00%","0 / 2754
0.00%","0 / 573
0.00%","0 / 3
0.00%","8 / 2605
0.31%","0 / 1818
0.00%","0 / 6
0.00%","0 / 7276
0.00%","1547 / 1549
99.87%","250 / 266
93.98%","0 / 2
0.00%","1122 / 1145
97.99%","1974 / 2012
98.11%","0 / 135
0.00%","0 / 715
0.00%","0 / 385
0.00%","0 / 3
0.00%"
SRR18680469.fastq.bam,"0 / 880
0.00%","1895 / 1900
99.74%","25 / 31
80.65%","2312 / 2388
96.82%","0 / 1
0.00%","284 / 301
94.35%","642 / 661
97.13%","1828 / 1928
94.81%","1046 / 1070
97.76%","2 / 6
33.33%","1530 / 1550
98.71%","2244 / 2338
95.98%","0 / 554
0.00%","0 / 58
0.00%","0 / 634
0.00%","0 / 753
0.00%","42 / 1713
2.45%","0 / 101
0.00%","0 / 1294
0.00%","0 / 680
0.00%","0 / 1953
0.00%","0 / 26
0.00%","0 / 160
0.00%","0 / 1
0.00%","619 / 642
96.42%","2599 / 2751
94.47%","20 / 4830
0.41%","0 / 233
0.00%","0 / 1852
0.00%","0 / 601
0.00%","0 / 105
0.00%","0 / 20
0.00%","0 / 2953
0.00%","0 / 553
0.00%","0 / 3
0.00%","0 / 926
0.00%","0 / 176
0.00%","0 / 11
0.00%","0 / 857
0.00%","9418 / 9423
99.95%","43 / 44
97.73%","87 / 1315
6.62%","0 / 1221
0.00%","0 / 694
0.00%","0 / 1931
0.00%","0 / 306
0.00%","0 / 11
0.00%","9 / 3112
0.29%","33 / 1510
2.19%","0 / 23
0.00%","0 / 6673
0.00%","1425 / 1457
97.80%","58 / 122
47.54%","0 / 8
0.00%","956 / 1001
95.50%","1842 / 1928
95.54%","0 / 132
0.00%","0 / 803
0.00%","0 / 352
0.00%","0 / 12
0.00%"
SRR18680470.fastq.bam,"0 / 1
0.00%","2001 / 2007
99.70%","13 / 14
92.86%","3004 / 3012
99.73%","0 / 0
NA","301 / 322
93.48%","801 / 906
88.41%","2257 / 2266
99.60%","1305 / 1363
95.74%","0 / 0
NA","2078 / 2288
90.82%","4043 / 4119
98.15%","0 / 199
0.00%","0 / 24
0.00%","0 / 632
0.00%","0 / 532
0.00%","1 / 1347
0.07%","0 / 46
0.00%","0 / 1924
0.00%","0 / 350
0.00%","0 / 1809
0.00%","0 / 14
0.00%","0 / 160
0.00%","0 / 0
NA","1080 / 1156
93.43%","3306 / 3316
99.70%","0 / 7104
0.00%","0 / 382
0.00%","0 / 2485
0.00%","0 / 609
0.00%","0 / 96
0.00%","0 / 0
NA","0 / 3186
0.00%","0 / 539
0.00%","0 / 4
0.00%","0 / 706
0.00%","0 / 188
0.00%","0 / 0
NA","0 / 692
0.00%","17709 / 17721
99.93%","0 / 0
NA","49 / 923
5.31%","0 / 2222
0.00%","0 / 357
0.00%","0 / 1784
0.00%","0 / 188
0.00%","0 / 0
NA","9 / 6635
0.14%","0 / 4215
0.00%","0 / 0
NA","0 / 8536
0.00%","2927 / 3140
93.22%","45 / 260
17.31%","0 / 0
NA","1169 / 1251
93.45%","2260 / 2266
99.74%","0 / 65
0.00%","0 / 561
0.00%","0 / 345
0.00%","0 / 0
NA"
SRR18680471.fastq.bam,"0 / 1
0.00%","1306 / 1312
99.54%","9 / 16
56.25%","1508 / 1584
95.20%","0 / 5
0.00%","140 / 148
94.59%","157 / 170
92.35%","1209 / 1294
93.43%","477 / 504
94.64%","0 / 4
0.00%","1158 / 1170
98.97%","1779 / 1833
97.05%","0 / 220
0.00%","0 / 8
0.00%","6 / 331
1.81%","2 / 160
1.25%","0 / 851
0.00%","1 / 13
7.69%","0 / 887
0.00%","0 / 591
0.00%","0 / 1178
0.00%","0 / 11
0.00%","0 / 90
0.00%","0 / 3
0.00%","636 / 657
96.80%","1867 / 1998
93.44%","56 / 3762
1.49%","0 / 266
0.00%","40 / 1388
2.88%","1 / 312
0.32%","0 / 12
0.00%","0 / 18
0.00%","0 / 1967
0.00%","0 / 182
0.00%","0 / 1
0.00%","0 / 342
0.00%","0 / 121
0.00%","0 / 18
0.00%","0 / 392
0.00%","9262 / 9266
99.96%","11 / 11
100.00%","30 / 779
3.85%","0 / 1233
0.00%","0 / 599
0.00%","0 / 1164
0.00%","0 / 175
0.00%","0 / 18
0.00%","3 / 2425
0.12%","2 / 1551
0.13%","0 / 6
0.00%","0 / 5026
0.00%","1219 / 1283
95.01%","19 / 179
10.61%","0 / 21
0.00%","629 / 664
94.73%","1220 / 1294
94.28%","0 / 32
0.00%","2 / 168
1.19%","0 / 217
0.00%","0 / 1
0.00%"
SRR18680472.fastq.bam,"0 / 1
0.00%","2353 / 2535
92.82%","22 / 29
75.86%","2411 / 2518
95.75%","0 / 1
0.00%","335 / 354
94.63%","580 / 646
89.78%","2010 / 2168
92.71%","856 / 900
95.11%","0 / 1
0.00%","1290 / 1310
98.47%","1986 / 2046
97.07%","0 / 573
0.00%","0 / 49
0.00%","0 / 673
0.00%","0 / 446
0.00%","0 / 2033
0.00%","0 / 51
0.00%","0 / 2214
0.00%","0 / 1025
0.00%","16 / 2482
0.64%","0 / 23
0.00%","0 / 158
0.00%","0 / 1
0.00%","1100 / 1133
97.09%","2937 / 3123
94.04%","17 / 3751
0.45%","0 / 304
0.00%","0 / 1698
0.00%","1 / 658
0.15%","0 / 54
0.00%","0 / 9
0.00%","0 / 2183
0.00%","0 / 333
0.00%","0 / 18
0.00%","0 / 972
0.00%","0 / 441
0.00%","0 / 4
0.00%","0 / 978
0.00%","12155 / 12173
99.85%","18 / 18
100.00%","22 / 1169
1.88%","0 / 2053
0.00%","0 / 1044
0.00%","0 / 2449
0.00%","0 / 435
0.00%","0 / 4
0.00%","3 / 2838
0.11%","23 / 2064
1.11%","1 / 9
11.11%","0 / 5280
0.00%","1733 / 1872
92.57%","46 / 151
30.46%","0 / 2
0.00%","1254 / 1314
95.43%","2024 / 2168
93.36%","0 / 155
0.00%","0 / 475
0.00%","0 / 350
0.00%","0 / 4
0.00%"
SRR18680473.fastq.bam,"1 / 1165
0.09%","2339 / 2548
91.80%","25 / 36
69.44%","2312 / 2478
93.30%","0 / 2
0.00%","324 / 347
93.37%","554 / 646
85.76%","1912 / 2085
91.70%","881 / 969
90.92%","0 / 3
0.00%","1270 / 1318
96.36%","2107 / 2335
90.24%","2 / 521
0.38%","0 / 27
0.00%","0 / 647
0.00%","0 / 538
0.00%","1 / 1999
0.05%","0 / 77
0.00%","0 / 1759
0.00%","0 / 1083
0.00%","17 / 2651
0.64%","0 / 28
0.00%","0 / 138
0.00%","0 / 2
0.00%","973 / 1017
95.67%","2751 / 2973
92.53%","0 / 4079
0.00%","0 / 284
0.00%","0 / 1694
0.00%","0 / 691
0.00%","0 / 82
0.00%","0 / 1
0.00%","0 / 2478
0.00%","0 / 360
0.00%","0 / 18
0.00%","0 / 1073
0.00%","0 / 286
0.00%","0 / 15
0.00%","0 / 1042
0.00%","12491 / 12504
99.90%","52 / 52
100.00%","52 / 1169
4.45%","0 / 1893
0.00%","0 / 1111
0.00%","0 / 2615
0.00%","0 / 355
0.00%","0 / 15
0.00%","13 / 3263
0.40%","15 / 2222
0.68%","0 / 27
0.00%","0 / 6193
0.00%","1475 / 1608
91.73%","48 / 181
26.52%","0 / 3
0.00%","1237 / 1296
95.45%","1932 / 2085
92.66%","0 / 78
0.00%","0 / 573
0.00%","0 / 304
0.00%","0 / 8
0.00%"
SRR18680474.fastq.bam,"0 / 1
0.00%","0 / 1470
0.00%","0 / 22
0.00%","0 / 975
0.00%","0 / 1
0.00%","0 / 81
0.00%","0 / 335
0.00%","0 / 1003
0.00%","0 / 402
0.00%","0 / 36
0.00%","0 / 969
0.00%","0 / 1537
0.00%","0 / 117
0.00%","0 / 13
0.00%","0 / 602
0.00%","0 / 377
0.00%","0 / 691
0.00%","0 / 56
0.00%","0 / 976
0.00%","0 / 705
0.00%","0 / 1007
0.00%","0 / 11
0.00%","0 / 73
0.00%","0 / 1
0.00%","0 / 178
0.00%","0 / 1408
0.00%","0 / 1717
0.00%","0 / 4089
0.00%","0 / 1099
0.00%","0 / 182
0.00%","0 / 39
0.00%","0 / 241
0.00%","0 / 2318
0.00%","0 / 368
0.00%","0 / 1
0.00%","0 / 452
0.00%","0 / 40
0.00%","0 / 78
0.00%","0 / 408
0.00%","6434 / 6436
99.97%","285 / 287
99.30%","492 / 494
99.60%","0 / 357
0.00%","0 / 716
0.00%","0 / 1003
0.00%","0 / 91
0.00%","0 / 77
0.00%","0 / 3144
0.00%","0 / 1049
0.00%","0 / 161
0.00%","0 / 6888
0.00%","0 / 1333
0.00%","0 / 2805
0.00%","0 / 38
0.00%","0 / 345
0.00%","0 / 1003
0.00%","0 / 28
0.00%","0 / 390
0.00%","0 / 122
0.00%","0 / 79
0.00%"
SRR18680475.fastq.bam,"0 / 759
0.00%","2040 / 2191
93.11%","22 / 26
84.62%","1970 / 2074
94.99%","0 / 1
0.00%","239 / 246
97.15%","581 / 611
95.09%","1683 / 1837
91.62%","697 / 731
95.35%","0 / 2
0.00%","1392 / 1396
99.71%","2289 / 2347
97.53%","2 / 319
0.63%","0 / 13
0.00%","0 / 468
0.00%","0 / 362
0.00%","0 / 1987
0.00%","0 / 54
0.00%","19 / 1355
1.40%","11 / 959
1.15%","21 / 2198
0.96%","1 / 24
4.17%","0 / 118
0.00%","0 / 1
0.00%","770 / 787
97.84%","2548 / 2680
95.07%","56 / 3235
1.73%","0 / 373
0.00%","26 / 2401
1.08%","0 / 476
0.00%","0 / 55
0.00%","0 / 11
0.00%","0 / 2300
0.00%","0 / 317
0.00%","0 / 13
0.00%","0 / 797
0.00%","0 / 145
0.00%","0 / 3
0.00%","0 / 818
0.00%","11292 / 11299
99.94%","13 / 13
100.00%","2 / 923
0.22%","2 / 1590
0.13%","0 / 972
0.00%","0 / 2165
0.00%","0 / 192
0.00%","0 / 3
0.00%","0 / 3056
0.00%","0 / 2506
0.00%","0 / 6
0.00%","0 / 5788
0.00%","1519 / 1626
93.42%","211 / 342
61.70%","0 / 1
0.00%","939 / 962
97.61%","1691 / 1837
92.05%","0 / 42
0.00%","0 / 377
0.00%","0 / 269
0.00%","0 / 2
0.00%"
SRR18680476.fastq.bam,"0 / 173
0.00%","789 / 792
99.62%","4 / 4
100.00%","1280 / 1322
96.82%","0 / 0
NA","63 / 63
100.00%","147 / 161
91.30%","851 / 896
94.98%","308 / 309
99.68%","0 / 1
0.00%","800 / 805
99.38%","1419 / 1426
99.51%","0 / 160
0.00%","0 / 2
0.00%","0 / 155
0.00%","0 / 75
0.00%","0 / 870
0.00%","0 / 4
0.00%","0 / 454
0.00%","16 / 604
2.65%","0 / 624
0.00%","0 / 4
0.00%","0 / 70
0.00%","0 / 0
NA","351 / 354
99.15%","1349 / 1411
95.61%","4 / 2750
0.15%","0 / 47
0.00%","0 / 1007
0.00%","0 / 138
0.00%","0 / 6
0.00%","0 / 6
0.00%","0 / 1241
0.00%","0 / 89
0.00%","0 / 5
0.00%","0 / 158
0.00%","0 / 25
0.00%","0 / 0
NA","0 / 187
0.00%","6657 / 6662
99.92%","0 / 0
NA","2 / 332
0.60%","1 / 712
0.14%","0 / 615
0.00%","0 / 618
0.00%","0 / 32
0.00%","0 / 0
NA","5 / 1848
0.27%","0 / 1480
0.00%","0 / 0
NA","0 / 3151
0.00%","932 / 935
99.68%","59 / 59
100.00%","0 / 0
NA","363 / 365
99.45%","862 / 896
96.21%","0 / 9
0.00%","0 / 77
0.00%","0 / 146
0.00%","0 / 0
NA"
SRR18680477.fastq.bam,"0 / 466
0.00%","2815 / 2826
99.61%","12 / 12
100.00%","1948 / 1965
99.13%","0 / 1
0.00%","221 / 228
96.93%","457 / 473
96.62%","819 / 844
97.04%","672 / 700
96.00%","1 / 1
100.00%","2256 / 2283
98.82%","3942 / 3960
99.55%","0 / 402
0.00%","0 / 19
0.00%","0 / 553
0.00%","0 / 609
0.00%","0 / 1280
0.00%","0 / 49
0.00%","0 / 1883
0.00%","0 / 870
0.00%","0 / 2677
0.00%","0 / 12
0.00%","0 / 95
0.00%","0 / 1
0.00%","662 / 665
99.55%","1154 / 1155
99.91%","0 / 5271
0.00%","0 / 78
0.00%","4 / 1267
0.32%","0 / 443
0.00%","0 / 46
0.00%","1 / 1
100.00%","0 / 3122
0.00%","0 / 605
0.00%","0 / 4
0.00%","0 / 1092
0.00%","0 / 216
0.00%","0 / 3
0.00%","0 / 1094
0.00%","9184 / 9200
99.83%","6 / 6
100.00%","7 / 1118
0.63%","1 / 1190
0.08%","0 / 891
0.00%","0 / 2648
0.00%","0 / 123
0.00%","0 / 3
0.00%","2 / 3850
0.05%","0 / 3591
0.00%","0 / 4
0.00%","0 / 7879
0.00%","2319 / 2366
98.01%","64 / 64
100.00%","0 / 1
0.00%","880 / 888
99.10%","819 / 844
97.04%","0 / 60
0.00%","0 / 661
0.00%","0 / 227
0.00%","0 / 1
0.00%"
SRR18680478.fastq.bam,"8 / 385
2.08%","2835 / 2982
95.07%","15 / 22
68.18%","2462 / 2532
97.24%","0 / 6
0.00%","247 / 277
89.17%","525 / 601
87.35%","1441 / 1494
96.45%","1210 / 1307
92.58%","0 / 1
0.00%","1554 / 1622
95.81%","2402 / 2615
91.85%","0 / 358
0.00%","0 / 32
0.00%","0 / 780
0.00%","0 / 864
0.00%","0 / 2017
0.00%","0 / 145
0.00%","0 / 1979
0.00%","0 / 1117
0.00%","0 / 3134
0.00%","0 / 16
0.00%","0 / 153
0.00%","0 / 4
0.00%","686 / 734
93.46%","2026 / 2097
96.61%","0 / 5692
0.00%","0 / 217
0.00%","0 / 2213
0.00%","0 / 579
0.00%","0 / 111
0.00%","0 / 2
0.00%","0 / 2766
0.00%","0 / 508
0.00%","0 / 13
0.00%","0 / 1422
0.00%","0 / 118
0.00%","0 / 8
0.00%","1 / 1375
0.07%","12344 / 12350
99.95%","21 / 21
100.00%","68 / 896
7.59%","0 / 1403
0.00%","0 / 1145
0.00%","0 / 3081
0.00%","0 / 137
0.00%","0 / 8
0.00%","4 / 3528
0.11%","0 / 2043
0.00%","0 / 12
0.00%","0 / 6617
0.00%","1830 / 2200
83.18%","55 / 308
17.86%","0 / 1
0.00%","994 / 1085
91.61%","1448 / 1494
96.92%","0 / 74
0.00%","0 / 913
0.00%","0 / 333
0.00%","0 / 1
0.00%"
SRR18680479.fastq.bam,"0 / 129
0.00%","1363 / 1439
94.72%","6 / 11
54.55%","1351 / 1557
86.77%","0 / 5
0.00%","131 / 156
83.97%","309 / 401
77.06%","640 / 989
64.71%","376 / 476
78.99%","0 / 9
0.00%","1306 / 1428
91.46%","2517 / 2772
90.80%","0 / 188
0.00%","0 / 4
0.00%","0 / 502
0.00%","0 / 573
0.00%","0 / 481
0.00%","0 / 213
0.00%","0 / 945
0.00%","0 / 391
0.00%","0 / 1371
0.00%","0 / 8
0.00%","0 / 119
0.00%","0 / 3
0.00%","293 / 341
85.92%","952 / 1427
66.71%","0 / 6251
0.00%","0 / 278
0.00%","0 / 1624
0.00%","0 / 369
0.00%","0 / 49
0.00%","0 / 19
0.00%","0 / 2678
0.00%","0 / 563
0.00%","0 / 18
0.00%","0 / 642
0.00%","0 / 39
0.00%","0 / 6
0.00%","0 / 539
0.00%","4909 / 4914
99.90%","21 / 21
100.00%","73 / 368
19.84%","0 / 639
0.00%","0 / 400
0.00%","0 / 1355
0.00%","0 / 46
0.00%","0 / 6
0.00%","0 / 3952
0.00%","0 / 1627
0.00%","0 / 10
0.00%","0 / 7070
0.00%","1133 / 1328
85.32%","0 / 635
0.00%","0 / 34
0.00%","507 / 591
85.79%","672 / 989
67.95%","0 / 15
0.00%","0 / 608
0.00%","0 / 223
0.00%","0 / 2
0.00%"
SRR18680480.fastq.bam,"0 / 77
0.00%","1763 / 2216
79.56%","0 / 6
0.00%","184 / 1415
13.00%","0 / 2
0.00%","31 / 112
27.68%","164 / 391
41.94%","125 / 401
31.17%","419 / 1141
36.72%","0 / 6
0.00%","695 / 1058
65.69%","866 / 2262
38.28%","0 / 68
0.00%","0 / 21
0.00%","0 / 1507
0.00%","0 / 111
0.00%","0 / 1817
0.00%","0 / 325
0.00%","0 / 237
0.00%","0 / 377
0.00%","0 / 2112
0.00%","16 / 78
20.51%","0 / 77
0.00%","0 / 2
0.00%","64 / 226
28.32%","188 / 569
33.04%","0 / 7200
0.00%","0 / 3836
0.00%","0 / 1366
0.00%","0 / 267
0.00%","0 / 128
0.00%","0 / 39
0.00%","0 / 1494
0.00%","0 / 377
0.00%","0 / 4
0.00%","0 / 1006
0.00%","0 / 51
0.00%","0 / 39
0.00%","0 / 831
0.00%","13268 / 13280
99.91%","120 / 121
99.17%","100 / 249
40.16%","0 / 404
0.00%","0 / 393
0.00%","0 / 2080
0.00%","0 / 23
0.00%","0 / 39
0.00%","0 / 2233
0.00%","0 / 1038
0.00%","0 / 81
0.00%","0 / 4064
0.00%","1170 / 1544
75.78%","0 / 1490
0.00%","0 / 22
0.00%","113 / 395
28.61%","130 / 401
32.42%","0 / 49
0.00%","0 / 116
0.00%","0 / 157
0.00%","0 / 34
0.00%"
SRR18680481.fastq.bam,"29 / 232
12.50%","1785 / 4521
39.48%","6 / 20
30.00%","1301 / 1981
65.67%","0 / 5
0.00%","168 / 337
49.85%","426 / 1146
37.17%","594 / 1060
56.04%","702 / 1257
55.85%","0 / 23
0.00%","1522 / 2365
64.36%","2297 / 5859
39.20%","0 / 294
0.00%","0 / 21
0.00%","0 / 1289
0.00%","0 / 2027
0.00%","0 / 443
0.00%","0 / 395
0.00%","0 / 1352
0.00%","0 / 2462
0.00%","0 / 4318
0.00%","0 / 13
0.00%","0 / 146
0.00%","0 / 5
0.00%","388 / 755
51.39%","863 / 1494
57.76%","0 / 9557
0.00%","0 / 978
0.00%","0 / 3330
0.00%","0 / 680
0.00%","0 / 159
0.00%","0 / 81
0.00%","0 / 5462
0.00%","0 / 808
0.00%","0 / 10
0.00%","0 / 1639
0.00%","0 / 75
0.00%","0 / 64
0.00%","0 / 1236
0.00%","12449 / 12461
99.90%","220 / 221
99.55%","326 / 646
50.46%","0 / 1283
0.00%","0 / 2497
0.00%","0 / 4266
0.00%","0 / 81
0.00%","0 / 64
0.00%","0 / 12301
0.00%","0 / 2485
0.00%","0 / 131
0.00%","0 / 13721
0.00%","2151 / 5526
38.93%","1 / 4094
0.02%","0 / 32
0.00%","543 / 1145
47.42%","622 / 1060
58.68%","0 / 46
0.00%","0 / 2106
0.00%","0 / 260
0.00%","0 / 55
0.00%"
SRR18680482.fastq.bam,"0 / 1
0.00%","966 / 1133
85.26%","20 / 40
50.00%","1458 / 1752
83.22%","0 / 6
0.00%","103 / 152
67.76%","263 / 400
65.75%","843 / 1292
65.25%","435 / 501
86.83%","0 / 19
0.00%","625 / 877
71.27%","905 / 1179
76.76%","0 / 134
0.00%","0 / 27
0.00%","0 / 544
0.00%","0 / 615
0.00%","0 / 1235
0.00%","0 / 126
0.00%","0 / 934
0.00%","0 / 453
0.00%","0 / 980
0.00%","0 / 25
0.00%","0 / 110
0.00%","0 / 8
0.00%","272 / 353
77.05%","1267 / 1868
67.83%","0 / 2697
0.00%","0 / 551
0.00%","0 / 1277
0.00%","0 / 315
0.00%","0 / 56
0.00%","0 / 59
0.00%","0 / 1407
0.00%","0 / 307
0.00%","0 / 10
0.00%","0 / 421
0.00%","0 / 143
0.00%","0 / 7
0.00%","0 / 313
0.00%","5488 / 5494
99.89%","24 / 24
100.00%","104 / 426
24.41%","0 / 684
0.00%","0 / 459
0.00%","0 / 959
0.00%","0 / 216
0.00%","0 / 7
0.00%","0 / 2850
0.00%","0 / 677
0.00%","0 / 15
0.00%","0 / 3747
0.00%","1012 / 1209
83.71%","0 / 716
0.00%","0 / 1
0.00%","445 / 568
78.35%","871 / 1292
67.41%","0 / 67
0.00%","0 / 649
0.00%","0 / 216
0.00%","0 / 1
0.00%"
SRR18680483.fastq.bam,"0 / 4
0.00%","2041 / 2854
71.51%","39 / 124
31.45%","1757 / 2232
78.72%","0 / 3
0.00%","222 / 226
98.23%","262 / 366
71.58%","1428 / 1767
80.81%","616 / 774
79.59%","0 / 0
NA","1831 / 2565
71.38%","2316 / 2914
79.48%","0 / 442
0.00%","0 / 75
0.00%","0 / 1855
0.00%","0 / 482
0.00%","0 / 2190
0.00%","0 / 193
0.00%","0 / 1867
0.00%","0 / 624
0.00%","0 / 2991
0.00%","0 / 50
0.00%","0 / 140
0.00%","0 / 3
0.00%","489 / 494
98.99%","2025 / 2485
81.49%","0 / 5007
0.00%","0 / 466
0.00%","0 / 1749
0.00%","0 / 387
0.00%","0 / 100
0.00%","0 / 0
NA","0 / 3065
0.00%","0 / 906
0.00%","0 / 5
0.00%","0 / 1256
0.00%","0 / 460
0.00%","0 / 32
0.00%","0 / 996
0.00%","7225 / 7228
99.96%","130 / 130
100.00%","74 / 588
12.59%","0 / 853
0.00%","0 / 637
0.00%","0 / 2954
0.00%","0 / 526
0.00%","0 / 32
0.00%","0 / 8756
0.00%","0 / 1000
0.00%","0 / 72
0.00%","0 / 7575
0.00%","4024 / 4497
89.48%","313 / 1118
28.00%","0 / 16
0.00%","716 / 720
99.44%","1444 / 1767
81.72%","0 / 163
0.00%","0 / 506
0.00%","0 / 245
0.00%","0 / 27
0.00%"
SRR18680484.fastq.bam,"1 / 684
0.15%","774 / 2277
33.99%","17 / 28
60.71%","1373 / 1382
99.35%","0 / 3
0.00%","109 / 131
83.21%","156 / 273
57.14%","767 / 996
77.01%","532 / 720
73.89%","0 / 7
0.00%","1862 / 1942
95.88%","3458 / 3920
88.21%","0 / 209
0.00%","0 / 27
0.00%","0 / 682
0.00%","0 / 515
0.00%","0 / 1044
0.00%","0 / 166
0.00%","0 / 2285
0.00%","0 / 303
0.00%","0 / 2353
0.00%","0 / 21
0.00%","0 / 75
0.00%","0 / 3
0.00%","230 / 267
86.14%","1111 / 1440
77.15%","0 / 4331
0.00%","0 / 2171
0.00%","0 / 1765
0.00%","0 / 210
0.00%","0 / 77
0.00%","0 / 41
0.00%","0 / 3627
0.00%","0 / 776
0.00%","0 / 13
0.00%","0 / 881
0.00%","0 / 263
0.00%","0 / 55
0.00%","0 / 710
0.00%","6945 / 6950
99.93%","197 / 197
100.00%","59 / 638
9.25%","0 / 511
0.00%","0 / 307
0.00%","0 / 2314
0.00%","0 / 236
0.00%","0 / 55
0.00%","0 / 5900
0.00%","1 / 1573
0.06%","0 / 114
0.00%","0 / 9656
0.00%","1005 / 1504
66.82%","112 / 797
14.05%","0 / 23
0.00%","342 / 419
81.62%","782 / 996
78.51%","0 / 65
0.00%","0 / 541
0.00%","0 / 139
0.00%","0 / 42
0.00%"
SRR18680485.fastq.bam,"0 / 44
0.00%","0 / 509
0.00%","0 / 1
0.00%","0 / 357
0.00%","0 / 2
0.00%","0 / 0
NA","0 / 156
0.00%","0 / 101
0.00%","0 / 0
NA","0 / 3
0.00%","0 / 196
0.00%","0 / 244
0.00%","0 / 151
0.00%","0 / 2
0.00%","0 / 270
0.00%","0 / 361
0.00%","0 / 290
0.00%","0 / 28
0.00%","0 / 1
0.00%","0 / 0
NA","0 / 388
0.00%","0 / 1
0.00%","0 / 22
0.00%","0 / 2
0.00%","0 / 0
NA","0 / 144
0.00%","0 / 603
0.00%","0 / 3929
0.00%","0 / 867
0.00%","0 / 0
NA","0 / 0
NA","0 / 17
0.00%","0 / 681
0.00%","0 / 69
0.00%","0 / 6
0.00%","0 / 164
0.00%","0 / 0
NA","0 / 15
0.00%","0 / 174
0.00%","0 / 0
NA","47 / 49
95.92%","236 / 236
100.00%","0 / 0
NA","0 / 0
NA","0 / 387
0.00%","0 / 9
0.00%","0 / 15
0.00%","0 / 903
0.00%","0 / 191
0.00%","0 / 30
0.00%","0 / 2037
0.00%","0 / 289
0.00%","0 / 1404
0.00%","0 / 10
0.00%","0 / 0
NA","0 / 101
0.00%","0 / 5
0.00%","0 / 376
0.00%","0 / 35
0.00%","0 / 19
0.00%"
SRR18680486.fastq.bam,"0 / 274
0.00%","0 / 2105
0.00%","0 / 13
0.00%","0 / 1561
0.00%","0 / 3
0.00%","0 / 123
0.00%","0 / 268
0.00%","0 / 778
0.00%","0 / 345
0.00%","0 / 12
0.00%","0 / 1134
0.00%","0 / 1508
0.00%","0 / 321
0.00%","0 / 7
0.00%","0 / 455
0.00%","0 / 601
0.00%","0 / 411
0.00%","0 / 38
0.00%","0 / 1386
0.00%","0 / 515
0.00%","0 / 1567
0.00%","0 / 8
0.00%","0 / 88
0.00%","0 / 3
0.00%","0 / 247
0.00%","0 / 1091
0.00%","0 / 3177
0.00%","0 / 4241
0.00%","0 / 697
0.00%","0 / 292
0.00%","0 / 33
0.00%","0 / 60
0.00%","0 / 2024
0.00%","0 / 369
0.00%","0 / 2
0.00%","0 / 665
0.00%","0 / 62
0.00%","0 / 60
0.00%","0 / 677
0.00%","5319 / 5322
99.94%","232 / 234
99.15%","642 / 642
100.00%","0 / 458
0.00%","0 / 530
0.00%","0 / 1556
0.00%","0 / 68
0.00%","0 / 59
0.00%","0 / 3249
0.00%","0 / 1325
0.00%","0 / 134
0.00%","0 / 5024
0.00%","0 / 1111
0.00%","0 / 3374
0.00%","0 / 29
0.00%","0 / 467
0.00%","0 / 778
0.00%","0 / 23
0.00%","0 / 628
0.00%","0 / 157
0.00%","0 / 63
0.00%"
SRR18680487.fastq.bam,"0 / 1
0.00%","0 / 3520
0.00%","0 / 14
0.00%","0 / 1638
0.00%","0 / 4
0.00%","0 / 244
0.00%","0 / 582
0.00%","0 / 1925
0.00%","0 / 735
0.00%","0 / 25
0.00%","0 / 1637
0.00%","0 / 2092
0.00%","0 / 339
0.00%","0 / 54
0.00%","0 / 1354
0.00%","0 / 851
0.00%","0 / 963
0.00%","0 / 140
0.00%","0 / 2186
0.00%","0 / 782
0.00%","0 / 2772
0.00%","0 / 10
0.00%","0 / 112
0.00%","0 / 4
0.00%","0 / 507
0.00%","0 / 2550
0.00%","0 / 2825
0.00%","0 / 4768
0.00%","0 / 1282
0.00%","0 / 566
0.00%","0 / 64
0.00%","0 / 76
0.00%","0 / 2995
0.00%","0 / 565
0.00%","0 / 22
0.00%","0 / 1185
0.00%","0 / 106
0.00%","0 / 146
0.00%","0 / 1219
0.00%","9306 / 9310
99.96%","533 / 536
99.44%","676 / 676
100.00%","0 / 1010
0.00%","0 / 792
0.00%","0 / 2755
0.00%","0 / 74
0.00%","0 / 144
0.00%","0 / 4343
0.00%","0 / 1303
0.00%","1 / 307
0.33%","0 / 6608
0.00%","0 / 1876
0.00%","0 / 3442
0.00%","0 / 63
0.00%","0 / 885
0.00%","0 / 1925
0.00%","0 / 134
0.00%","0 / 889
0.00%","0 / 226
0.00%","0 / 114
0.00%"
SRR18680488.fastq.bam,"0 / 1
0.00%","0 / 3215
0.00%","0 / 10
0.00%","0 / 501
0.00%","0 / 6
0.00%","0 / 242
0.00%","0 / 600
0.00%","0 / 1223
0.00%","0 / 647
0.00%","0 / 11
0.00%","1 / 1336
0.07%","0 / 2541
0.00%","0 / 196
0.00%","0 / 21
0.00%","0 / 1431
0.00%","0 / 760
0.00%","0 / 1395
0.00%","0 / 184
0.00%","0 / 1538
0.00%","0 / 680
0.00%","0 / 2238
0.00%","0 / 6
0.00%","0 / 40
0.00%","0 / 8
0.00%","0 / 537
0.00%","0 / 1679
0.00%","0 / 6732
0.00%","0 / 4825
0.00%","0 / 1814
0.00%","0 / 610
0.00%","0 / 61
0.00%","0 / 51
0.00%","0 / 2221
0.00%","0 / 595
0.00%","0 / 1
0.00%","0 / 995
0.00%","0 / 57
0.00%","0 / 97
0.00%","0 / 1020
0.00%","8499 / 8503
99.95%","382 / 382
100.00%","355 / 355
100.00%","0 / 977
0.00%","0 / 695
0.00%","0 / 2222
0.00%","0 / 46
0.00%","0 / 97
0.00%","0 / 5144
0.00%","0 / 1647
0.00%","0 / 219
0.00%","0 / 6660
0.00%","0 / 2623
0.00%","0 / 4301
0.00%","0 / 40
0.00%","0 / 887
0.00%","0 / 1223
0.00%","0 / 68
0.00%","0 / 790
0.00%","0 / 79
0.00%","0 / 77
0.00%"
SRR18680489.fastq.bam,"0 / 64
0.00%","0 / 1836
0.00%","0 / 66
0.00%","0 / 42
0.00%","0 / 2
0.00%","0 / 88
0.00%","0 / 278
0.00%","0 / 984
0.00%","0 / 615
0.00%","0 / 5
0.00%","0 / 1069
0.00%","0 / 1927
0.00%","0 / 65
0.00%","0 / 3
0.00%","0 / 289
0.00%","0 / 296
0.00%","0 / 715
0.00%","0 / 28
0.00%","0 / 689
0.00%","0 / 681
0.00%","0 / 1251
0.00%","0 / 66
0.00%","0 / 6
0.00%","0 / 2
0.00%","0 / 198
0.00%","0 / 1325
0.00%","0 / 4017
0.00%","0 / 2299
0.00%","0 / 412
0.00%","0 / 230
0.00%","0 / 64
0.00%","0 / 15
0.00%","0 / 1636
0.00%","0 / 325
0.00%","0 / 1
0.00%","0 / 465
0.00%","0 / 14
0.00%","0 / 44
0.00%","0 / 464
0.00%","10023 / 10553
94.98%","174 / 174
100.00%","196 / 196
100.00%","0 / 404
0.00%","0 / 690
0.00%","0 / 1240
0.00%","0 / 14
0.00%","0 / 44
0.00%","0 / 4477
0.00%","0 / 876
0.00%","0 / 110
0.00%","0 / 4106
0.00%","0 / 1136
0.00%","0 / 1901
0.00%","0 / 12
0.00%","0 / 348
0.00%","0 / 984
0.00%","0 / 12
0.00%","0 / 307
0.00%","0 / 11
0.00%","0 / 24
0.00%"
SRR18680490.fastq.bam,"0 / 64
0.00%","238 / 2527
9.42%","0 / 3
0.00%","0 / 235
0.00%","0 / 7
0.00%","5 / 117
4.27%","18 / 364
4.95%","0 / 314
0.00%","32 / 401
7.98%","0 / 6
0.00%","0 / 944
0.00%","142 / 1785
7.96%","0 / 328
0.00%","0 / 7
0.00%","0 / 595
0.00%","0 / 1189
0.00%","0 / 328
0.00%","0 / 107
0.00%","0 / 576
0.00%","0 / 110
0.00%","0 / 2278
0.00%","0 / 1
0.00%","0 / 25
0.00%","0 / 7
0.00%","11 / 282
3.90%","0 / 435
0.00%","0 / 3128
0.00%","0 / 1547
0.00%","0 / 598
0.00%","0 / 333
0.00%","0 / 41
0.00%","0 / 17
0.00%","0 / 1349
0.00%","0 / 438
0.00%","0 / 10
0.00%","0 / 845
0.00%","0 / 30
0.00%","0 / 69
0.00%","0 / 766
0.00%","6249 / 6254
99.92%","210 / 210
100.00%","307 / 309
99.35%","0 / 550
0.00%","0 / 111
0.00%","0 / 2254
0.00%","0 / 11
0.00%","0 / 69
0.00%","0 / 6252
0.00%","0 / 790
0.00%","0 / 143
0.00%","0 / 3350
0.00%","154 / 1969
7.82%","0 / 3633
0.00%","0 / 24
0.00%","16 / 493
3.25%","0 / 314
0.00%","0 / 19
0.00%","0 / 1243
0.00%","0 / 40
0.00%","0 / 50
0.00%"
SRR18680491.fastq.bam,"0 / 164
0.00%","0 / 1870
0.00%","0 / 8
0.00%","208 / 245
84.90%","0 / 4
0.00%","0 / 82
0.00%","0 / 93
0.00%","0 / 739
0.00%","0 / 205
0.00%","0 / 15
0.00%","0 / 1664
0.00%","1 / 1013
0.10%","0 / 253
0.00%","0 / 15
0.00%","0 / 138
0.00%","0 / 371
0.00%","0 / 494
0.00%","0 / 56
0.00%","0 / 612
0.00%","0 / 200
0.00%","0 / 1388
0.00%","0 / 6
0.00%","0 / 15
0.00%","0 / 4
0.00%","0 / 238
0.00%","0 / 1059
0.00%","0 / 2634
0.00%","0 / 5379
0.00%","0 / 1334
0.00%","0 / 288
0.00%","0 / 16
0.00%","0 / 55
0.00%","0 / 3016
0.00%","0 / 510
0.00%","0 / 25
0.00%","0 / 502
0.00%","0 / 47
0.00%","0 / 40
0.00%","0 / 519
0.00%","3159 / 3163
99.87%","188 / 188
100.00%","1008 / 1138
88.58%","0 / 448
0.00%","0 / 202
0.00%","0 / 1381
0.00%","0 / 39
0.00%","0 / 38
0.00%","0 / 6563
0.00%","1 / 1854
0.05%","0 / 101
0.00%","0 / 8851
0.00%","428 / 1307
32.75%","0 / 3165
0.00%","0 / 28
0.00%","0 / 434
0.00%","0 / 739
0.00%","0 / 43
0.00%","0 / 386
0.00%","0 / 23
0.00%","0 / 57
0.00%"
SRR18680492.fastq.bam,"0 / 281
0.00%","1237 / 1241
99.68%","2 / 2
100.00%","1420 / 1452
97.80%","0 / 0
NA","143 / 155
92.26%","10 / 10
100.00%","1055 / 1058
99.72%","196 / 196
100.00%","1 / 1
100.00%","947 / 947
100.00%","1897 / 1904
99.63%","9 / 138
6.52%","0 / 8
0.00%","0 / 290
0.00%","5 / 394
1.27%","2 / 655
0.31%","0 / 107
0.00%","0 / 871
0.00%","22 / 621
3.54%","0 / 1053
0.00%","0 / 2
0.00%","0 / 93
0.00%","0 / 0
NA","354 / 365
96.99%","1428 / 1431
99.79%","64 / 3744
1.71%","0 / 63
0.00%","19 / 943
2.01%","1 / 305
0.33%","0 / 25
0.00%","0 / 1
0.00%","0 / 1993
0.00%","0 / 313
0.00%","0 / 1
0.00%","0 / 502
0.00%","0 / 66
0.00%","0 / 0
NA","0 / 463
0.00%","1821 / 1822
99.95%","0 / 0
NA","0 / 169
0.00%","0 / 640
0.00%","0 / 629
0.00%","0 / 1045
0.00%","0 / 57
0.00%","0 / 0
NA","0 / 970
0.00%","0 / 1033
0.00%","0 / 0
NA","0 / 4868
0.00%","937 / 940
99.68%","47 / 47
100.00%","0 / 0
NA","502 / 542
92.62%","1056 / 1058
99.81%","0 / 35
0.00%","5 / 416
1.20%","0 / 185
0.00%","0 / 0
NA"
SRR18762211.fastq.bam,"0 / 12
0.00%","0 / 231
0.00%","0 / 11
0.00%","0 / 2
0.00%","0 / 2
0.00%","0 / 5
0.00%","0 / 110
0.00%","0 / 104
0.00%","0 / 122
0.00%","0 / 1
0.00%","0 / 90
0.00%","0 / 301
0.00%","0 / 2
0.00%","0 / 1
0.00%","0 / 30
0.00%","0 / 131
0.00%","0 / 138
0.00%","0 / 16
0.00%","0 / 108
0.00%","0 / 30
0.00%","0 / 124
0.00%","0 / 10
0.00%","0 / 2
0.00%","0 / 2
0.00%","0 / 11
0.00%","0 / 152
0.00%","0 / 688
0.00%","0 / 412
0.00%","0 / 47
0.00%","0 / 17
0.00%","0 / 10
0.00%","0 / 9
0.00%","0 / 241
0.00%","0 / 32
0.00%","0 / 22
0.00%","0 / 51
0.00%","0 / 2
0.00%","0 / 3
0.00%","0 / 50
0.00%","2161 / 2163
99.91%","6 / 7
85.71%","51 / 51
100.00%","0 / 21
0.00%","0 / 31
0.00%","0 / 121
0.00%","0 / 1
0.00%","0 / 3
0.00%","0 / 1523
0.00%","0 / 127
0.00%","0 / 6
0.00%","0 / 660
0.00%","0 / 216
0.00%","0 / 676
0.00%","0 / 23
0.00%","0 / 32
0.00%","0 / 104
0.00%","0 / 3
0.00%","0 / 138
0.00%","0 / 3
0.00%","0 / 1
0.00%"
